-0.5471,-10.091,-0.1315,-0.9117,11.333,16.243,0
0.2074,-0.9794,-0.0891,-0.9788,-0.182,-15.31,0
-0.3993,-10.555,-0.3862,-0.6152,-0.1326,0.8554,0
-0.3566,-0.7865,-0.1587,0.2848,-20.258,-0.6846,0
-0.2707,-10.68,-0.2171,-22.226,-0.5379,16.878,0
0.6522,-0.6714,-0.7182,-10.938,0.3364,-24.823,1
0.2677,-0.4621,-0.1113,0.707,-0.3964,0.6187,1
-0.2728,-0.6914,-0.1435,0.8086,0.2921,-0.4982,0
-0.1011,10.091,-0.1698,14.657,0.9346,15.806,1
-0.2624,-10.533,-0.28,0.0692,-0.1373,0.0828,0
-0.3447,-10.971,-0.2115,-0.6455,0.0901,0.3883,0
0.6179,0.2784,-0.579,-0.238,-0.8505,-32.615,1
-0.3785,-11.545,-0.1772,0.9798,-0.2555,-21.645,0
-0.5409,-10.036,-0.4865,0.6549,12.509,-0.7095,0
0.3073,-0.5969,-0.3628,0.8397,-0.2488,-18.413,1
-27.455,-0.26,0.156,19.02,21.449,17.607,1
0.579,-0.7302,-0.7768,17.832,0.7099,25.039,1
-0.5177,-0.7,-0.272,0.3528,12.55,-0.4331,0
11.914,0.2407,-11.137,0.0737,-20.681,-39.725,1
-0.2395,-0.896,-0.2869,-0.4398,0.8821,0.5036,0
-0.5424,-0.4244,0.2173,19.99,0.3655,-0.127,1
-18.578,0.6487,0.1632,-24.2,-12.988,-11.105,1
-0.447,0.7768,-0.0983,-0.9991,20.72,-0.5257,1
-13.941,0.6482,-0.1072,-15.461,0.6237,-0.8408,1
-14.458,0.5614,-0.2469,-17.793,-0.0413,-0.8288,1
-0.2665,-0.8027,-0.0712,-10.748,-0.1825,13.698,0
-0.4343,-0.2301,0.2899,11.451,-0.4356,-0.6122,1
0.2089,0.6776,-0.4719,-11.437,0.7647,-0.8055,1
-0.2188,-0.9851,-0.2796,-0.9149,0.8205,0.9534,0
0.0687,-0.7683,0.276,0.225,0.2716,-0.953,1
0.0839,-0.8286,-0.1237,12.388,20.561,0.9432,0
-0.6829,-0.6887,0.0962,-15.827,-0.5806,-31.582,1
-0.2743,-0.7096,-0.0608,-0.4963,0.1722,13.564,0
22.449,-13.464,-20.378,-0.2308,0.9161,13.921,1
0.4618,-0.9676,-0.1292,17.28,11.1,26.417,0
0.6121,0.3757,-10.862,-0.9765,0.9265,32.053,1
-0.2723,-0.7411,-0.2723,0.0996,-30.572,0.0361,0
0.3735,-0.8505,-0.2037,0.4294,0.8234,0.6581,0
-0.3216,-11.571,-0.3187,22.323,10.32,-17.807,0
-0.6835,0.6168,-0.303,-18.402,-14.395,-12.081,1
-0.0907,-0.9934,-0.2011,0.7074,-18.221,-0.7844,0
-0.4591,-10.349,-0.2001,-0.499,-0.6064,0.3247,0
0.2866,-0.8906,0.075,-0.9563,0.9011,-22.569,0
-0.3079,-0.2466,0.3132,0.4012,-0.1289,-0.6212,1
0.2557,-0.8054,-0.2048,0.3834,-0.396,0.4376,0
-0.2735,-11.652,-0.3284,-14.671,0.0916,16.121,0
-0.2878,-0.6644,-0.0893,-0.3563,-0.1704,0.99,0
0.2689,0.7625,-0.3532,-13.518,14.303,0.9385,1
-0.1634,-0.748,-0.093,-0.7194,0.0433,11.776,0
15.027,-0.8903,-22.062,0.7598,-10.493,36.106,1
-18.203,0.0662,-0.2716,-25.598,-0.6111,-0.9299,1
-0.0257,-0.9151,-0.17,11.708,23.862,12.174,0
-26.42,13.622,0.4731,27.054,0.8198,21.121,1
0.0163,-0.5229,0.2874,-13.713,-0.5674,-15.212,1
-23.849,-0.0705,0.4281,22.251,11.451,22.388,1
14.917,-17.604,-18.416,0.4688,0.6228,0.6615,1
0.4485,-14.308,0.0871,-13.453,-13.328,-15.384,0
0.2659,-0.8841,-0.1868,-0.8863,0.2954,-14.782,0
-0.4548,-12.233,-0.2117,-0.7649,15.614,0.9914,0
-22.993,-32.99,-0.0016,-10.608,-12.019,-0.0761,1
0.2442,-0.8729,-0.2117,0.6434,17.246,0.3458,0
0.6037,0.73,-0.4963,-0.9262,12.155,13.397,1
-0.2272,-0.8281,-0.0388,-0.9497,0.1803,16.158,0
-27.914,-0.4906,0.7349,24.732,19.417,24.476,1
-0.0641,-0.5438,-0.3012,0.684,0.1246,-0.8244,1
-0.1703,-0.9099,-0.2764,0.1055,-22.076,-0.0098,0
-0.2826,-11.01,-0.2421,0.8745,-0.5534,-10.541,0
0.5734,-12.319,-0.3198,0.2602,0.0792,0.3794,0
-0.3944,-10.06,-0.2845,-0.3666,0.1626,0.3825,0
10.585,0.6676,-0.6584,-10.291,0.5249,-0.2432,1
-0.3065,-0.7182,-0.0891,-0.4083,0.1243,11.26,0
0.3833,-0.6025,0.2543,-10.063,-0.572,-12.764,1
-0.3641,-0.8044,-0.2246,17.096,10.998,-15.058,0
-0.1367,0.8367,-0.1172,-0.8092,10.774,-0.5396,1
0.02,-0.623,-0.2817,0.4447,-0.229,-0.7686,1
-27.683,0.4269,0.0154,23.824,-0.0787,27.015,1
14.875,-10.752,-12.488,-0.0473,0.6569,-32.565,1
-26.043,-0.9243,-0.2328,-20.274,-15.638,-16.088,1
-0.3301,-0.761,-0.2873,0.4504,-20.364,-0.596,0
0.3452,-10.342,-0.4493,0.3021,-10.216,0.5203,0
-0.4091,-0.7861,-0.2435,15.874,-0.1362,-29.834,0
-35.02,-0.4619,0.2834,27.25,-0.0917,28.225,1
-0.4807,0.772,-0.4401,-0.576,-0.5231,-0.3702,1
0.5573,-0.8253,-0.4772,0.2259,-14.17,-0.0171,0
0.0736,-0.4922,0.0573,17.612,-0.382,13.601,1
-0.128,-0.7622,-0.3227,0.3342,-21.981,-0.3713,0
0.201,-13.808,-0.417,-0.2161,-0.6273,-0.1815,0
-0.3734,-0.7867,-0.1933,0.3985,0.9863,-0.3767,0
-17.954,10.364,-0.7531,22.382,12.269,31.187,1
0.3551,0.631,0.0194,13.37,-0.3869,15.017,1
-0.3114,-0.8143,-0.0306,-16.478,-0.0453,20.82,0
0.8265,0.4045,-0.7279,-12.804,13.582,13.625,1
0.488,-0.97,-0.3265,0.3479,-0.017,0.2356,0
-0.2626,-11.464,-0.0907,-11.542,0.6692,31.706,0
-0.1182,-0.6373,0.1775,-0.9562,-0.1294,-11.021,1
-26.515,-0.6319,-10.398,0.5652,25.778,21.701,1
0.6953,0.8985,-0.7859,-0.5146,-0.4896,-0.2093,1
-0.1828,-0.4734,0.184,16.747,-0.857,11.424,1
28.138,0.9623,-19.026,12.039,-33.663,-15.773,1
-26.613,-0.61,-0.022,-29.077,-23.861,-37.971,1
0.9486,-0.6135,-13.69,-0.0322,31.109,15.725,1
15.909,-11.713,-23.973,-0.822,-0.8243,-37.031,1
0.4793,-0.6184,0.1809,-15.981,-10.027,-15.8,1
-17.904,0.7995,-0.2125,-22.86,-20.851,-19.742,1
-15.552,0.3886,-0.1146,-21.337,-0.4688,-0.5899,1
-0.1311,-0.6126,0.1609,-14.038,-0.7255,-16.567,1
-21.865,-0.4491,-0.3921,-15.851,0.1707,-46.126,1
0.0914,0.6926,-0.1411,-0.3553,10.264,0.4208,1
-42.536,0.2192,-0.3285,26.742,-0.2777,39.448,1
0.1772,-0.7825,0.097,0.5391,0.3938,0.3079,1
0.1945,-0.6336,0.1789,0.7882,0.2132,0.2179,1
-0.1403,0.9815,-0.1909,-0.7569,0.4811,-13.166,1
-0.2228,-0.9397,-0.328,-0.6173,10.521,0.7539,0
-0.2938,-0.5759,-0.1324,0.3991,0.4196,-0.6482,0
0.3735,-10.13,-0.2808,19.829,-0.5881,31.362,0
-14.626,0.075,-0.0419,15.874,23.956,25.537,1
0.0923,-0.63,0.0836,12.699,-0.3175,22.601,1
0.1892,0.6357,-0.1562,-0.6096,11.977,-0.332,1
11.37,-0.6211,-11.193,-0.7591,-0.5841,-25.075,1
-0.197,-0.8683,-0.4684,0.7439,-19.728,-11.152,0
-0.4059,-15.044,-0.4851,-0.4944,13.602,0.3005,0
0.09,-0.7661,0.2941,-0.304,-0.3841,-23.221,1
19.672,-12.916,-0.5971,16.138,-29.17,-20.35,1
-0.0892,-0.9251,-0.1137,-15.84,-0.2311,19.274,0
-0.4009,0.3661,-0.3431,12.657,0.6076,32.487,1
16.63,-15.723,-17.693,10.592,-0.4404,40.438,1
-0.4764,-0.5038,0.2273,14.788,-0.4979,-0.0649,1
-0.4953,-0.9678,-0.2656,0.876,0.0444,-14.926,0
-0.0173,-0.6463,0.2741,-17.83,-10.057,-0.45,1
0.9492,-0.6177,-12.994,0.0156,15.654,10.932,1
-0.4608,-0.5992,-0.3115,0.8744,22.572,-0.2943,0
0.2639,10.289,-0.3473,-12.718,0.4157,0.8096,1
0.2161,-0.6205,-0.0627,-11.741,0.7251,-0.9917,0
0.3174,-0.9061,0.0228,-12.186,0.5006,-23.775,0
0.4763,-12.545,-0.1821,-0.0447,-0.4302,0.2904,0
20.685,-0.0285,-14.214,0.7667,-13.746,-19.757,1
-0.1029,0.7865,-0.1581,-0.4405,0.8131,-0.7724,1
-0.2202,-0.7961,-0.1048,-11.541,-0.2502,16.906,0
0.4082,-0.9835,-0.404,22.742,-0.6111,26.671,0
15.625,-0.9143,-14.393,-0.5893,-0.3387,-25.693,1
-0.1275,-0.4707,0.0618,-0.7839,-12.317,-27.638,1
-17.72,-0.7868,-0.311,-14.121,-17.329,-52.52,1
-0.2431,-0.7897,-0.0778,-0.5413,-0.4264,11.202,0
0.138,-0.6123,0.3582,-0.4445,-0.8015,-18.896,1
0.104,-0.7787,-0.2415,16.816,0.3257,0.6322,0
0.0406,0.7458,-0.1294,-0.0209,-0.3859,-39.611,1
-0.0155,-0.5349,0.0933,0.8753,0.6213,-10.301,1
0.2434,-10.54,-0.1463,0.0522,11.601,0.6198,0
-0.7005,-0.6603,0.0302,-21.117,0.725,-36.958,1
-0.4448,-12.14,-0.1393,-0.7992,-0.7022,20.304,0
0.3677,-0.6638,-0.2977,0.3297,-0.212,0.2131,0
-0.0542,0.6129,-0.1906,-0.4204,0.8457,-17.591,1
20.779,-10.285,-14.123,-0.0398,-16.67,-21.388,1
-0.1076,-10.291,-0.2868,0.8565,-13.236,-0.5772,0
-0.0685,-0.5327,0.0578,0.9714,0.2727,0.1777,1
-16.98,-0.1542,-0.1766,21.6,15.147,24.14,1
-0.2173,-0.8954,-0.1231,-16.62,0.6297,22.665,0
-0.3827,-0.567,0.4725,11.625,0.3686,23.823,1
-0.2449,0.2101,-0.3893,-0.8343,-0.1457,19.696,1
-0.4818,-0.8453,-0.2281,0.518,0.2188,-0.5715,0
0.0631,-0.5388,0.3146,0.9735,0.3756,-0.5791,1
10.563,-15.285,-14.725,27.177,-0.3978,43.574,1
0.18,-0.9229,-0.2133,13.665,-0.0179,45.833,1
0.3377,-0.8386,-0.1285,0.237,0.0526,0.7417,0
-0.4787,-13.449,-0.3321,17.012,21.488,-21.801,0
0.5515,-12.008,-0.2424,-12.603,-0.9598,-22.685,0
0.0636,0.801,-0.2092,0.8099,0.4381,15.219,1
10.62,-0.3542,-14.877,-16.196,33.159,12.367,1
0.3599,-10.712,-0.0038,-0.6091,-11.024,-12.758,0
-0.3564,-12.109,-0.3624,22.408,0.3829,-23.996,0
-0.3185,-0.8543,-0.2831,0.7201,-23.476,-0.3405,0
0.23,-12.413,-0.1913,-12.117,-18.349,-11.627,0
-17.772,0.0356,-0.2026,-22.318,-10.224,-0.8314,1
0.3794,-0.7751,0.0609,-0.4583,10.902,-0.4044,1
-0.8282,0.0074,-10.44,-0.4749,-35.065,0.453,1
-0.3022,-0.8539,-0.4027,0.2833,-0.6717,-0.1253,0
-0.1918,-0.9955,-0.0032,-13.494,14.732,21.599,0
0.3335,-0.731,-0.0051,-11.656,0.2573,-25.187,0
0.2714,-0.866,-0.1227,-0.035,18.135,50.23,1
-0.2859,-0.6859,-0.0703,0.0655,0.1824,0.8608,0
0.1968,0.7579,-0.4199,-0.3835,0.9991,-0.828,1
0.4977,0.5665,-0.679,-11.091,13.81,0.5749,1
20.717,-15.277,-18.76,-0.7846,-11.659,-21.875,1
-28.435,-0.2016,0.1273,-29.324,-10.024,-25.751,1
-0.0586,-10.209,-0.2673,13.173,-18.373,-12.682,0
0.3312,-0.7496,-0.1875,0.2287,-0.2949,0.4765,0
-0.2243,-0.4722,0.3101,20.654,-0.5019,0.7035,1
-0.1028,-0.5712,0.1781,-0.7968,-0.7635,-24.045,1
20.375,0.2117,-15.84,11.569,-18.463,-33.486,1
0.6976,-0.7047,-0.669,0.2483,0.4059,-26.989,1
0.0619,-0.4141,-0.1381,20.272,-0.338,0.5529,1
-0.26,-0.9739,-0.2509,0.5843,0.2637,-0.0593,0
-0.2879,-0.5618,0.3442,0.7444,0.524,41.872,1
-0.0739,-0.5422,0.1718,-0.6408,-12.546,-19.062,1
-0.2943,-0.7838,-0.2559,0.6805,-13.114,-0.7572,0
-26.411,0.2356,0.5609,20.468,0.3154,13.844,1
-0.0714,-0.2185,-0.108,12.33,0.3183,0.0257,1
0.0661,0.7601,-0.0671,-0.4629,0.0471,-23.499,1
0.2816,-0.7072,0.0444,-14.17,16.704,-12.866,0
-0.4461,11.455,-0.174,-0.6573,0.5054,0.1062,1
-0.619,-11.478,-0.1928,-17.833,0.5009,14.115,0
-0.6436,0.4282,0.0644,32.943,0.7736,20.435,1
0.0697,-0.4472,-0.1006,18.108,-0.8727,-0.7588,1
-18.932,-0.1306,-0.3646,0.5607,16.657,49.577,1
-0.3773,-0.4907,0.4919,20.922,-0.1803,0.6213,1
-0.3771,-13.406,-0.3967,-16.68,-12.748,0.2707,0
0.362,-11.346,-0.2943,-17.79,-12.724,-23.959,0
-0.4436,-12.361,-0.1473,-0.7854,0.9247,11.763,0
0.1335,-0.5975,-0.1035,10.02,0.2394,-0.4812,1
-0.2109,-0.6463,-0.0675,-0.9618,-0.6406,12.79,0
0.188,-0.7786,0.2479,0.0769,-0.7462,-10.108,1
0.2431,-0.8848,0.1054,-0.6685,-0.0979,-0.7414,1
-0.4599,-0.7968,0.4782,10.365,-0.4521,10.711,1
28.678,-0.7783,-19.052,0.2224,-0.2256,-26.285,1
20.928,-16.729,-12.548,0.0755,-16.418,-22.86,1
0.3068,-0.9141,-0.1187,-15.156,-20.179,-11.706,0
-0.3934,-0.7492,-0.1863,0.4056,0.0207,-0.1467,0
0.1651,-12.791,-0.4141,0.1382,-0.4289,0.1714,0
-0.1643,-0.5009,0.1228,-0.4528,-19.905,-17.109,1
15.348,-0.8738,-11.063,-0.376,-0.4193,-23.786,1
-0.5229,-14.444,-0.3286,18.193,10.791,-18.817,0
-0.6179,-0.666,-0.2404,0.9454,16.286,-0.5432,0
0.3325,-0.9248,-0.2159,12.611,10.141,15.614,0
0.2194,-0.9007,-0.1125,21.565,0.8206,41.304,1
0.3455,0.5731,-0.5725,-0.9585,13.124,-10.609,1
0.2666,-13.932,-0.0525,-18.603,-0.9741,-19.452,0
0.0325,-0.442,0.2798,0.4982,0.0051,-0.1805,1
-0.4677,0.1407,-0.2429,21.918,-18.925,29.742,1
0.1421,-11.49,-0.2209,14.776,-0.9312,0.8828,0
0.2612,-10.589,-0.0187,0.9172,0.2203,22.298,0
-0.282,-0.8423,-0.1607,0.4385,-0.5397,-11.809,0
-0.1128,-0.5386,0.1891,0.7286,0.2901,0.229,1
0.3581,-0.8311,-0.0779,0.5094,0.1237,22.272,0
-0.4853,-0.7705,-0.1323,-0.8901,-10.655,-19.639,1
0.2605,-0.7284,0.0002,-12.459,-0.3518,-0.9946,0
0.2202,-12.099,-0.0394,-17.867,0.0483,-21.735,0
-0.4795,-0.3639,0.4849,18.632,-0.0906,0.3689,1
-14.002,-0.288,0.1817,15.122,-17.412,11.015,1
-11.442,0.3805,-0.6721,0.4209,-0.7889,37.923,1
-14.914,0.3018,-0.5699,-12.857,-0.9951,-0.8472,1
-0.4369,-10.532,-0.371,0.165,0.5478,0.5385,0
0.3048,-10.141,-0.103,-0.6667,0.5711,-0.3892,0
0.4505,-0.9299,-0.2178,-0.4049,-17.131,-10.63,0
0.5409,-11.744,-0.5934,0.6097,29.446,46.67,1
0.2286,0.9942,-0.3858,-11.584,0.2851,0.1842,1
-0.6783,-13.055,-0.1705,-0.8349,0.6255,13.199,0
-0.0809,0.9565,-0.1025,-0.9833,0.3821,-0.6795,1
-14.061,-0.8348,-0.007,11.275,24.817,36.876,1
-0.2842,-0.9167,-0.1841,0.3463,0.3572,-0.605,0
-0.032,-0.532,0.1364,0.5039,-0.1382,-0.3382,1
0.1834,-0.7805,-0.1062,-10.946,-0.1917,-11.397,0
-0.2905,-10.682,-0.3709,-0.6797,0.8504,0.5345,0
0.1763,-0.8234,-0.0059,-15.44,17.194,-0.7455,0
0.7194,-10.04,-0.259,-0.4611,0.4038,40.919,1
13.166,-18.687,-21.492,13.924,0.4838,28.392,1
0.1606,-12.071,-0.3352,0.0542,0.2983,-0.109,0
0.9068,0.2199,-0.3574,0.9698,0.293,-33.937,1
0.2471,-0.7951,-0.2318,0.9085,14.909,0.488,0
0.2709,0.325,-0.5708,-0.5631,13.01,0.1402,1
0.3218,-0.5975,0.1065,-0.4562,-10.54,-0.8378,1
-0.2147,-0.5697,-0.0753,-0.6533,0.0314,17.738,0
-16.031,14.556,-0.3541,20.03,-0.9755,20.075,1
-0.285,-11.087,-0.3114,0.8813,-0.9794,-16.48,0
0.1259,0.3595,-0.0312,0.7622,0.0139,24.133,1
-17.46,0.2108,-0.4676,-19.226,-11.046,-15.266,1
-0.3969,-0.7764,0.2051,-0.4245,-12.61,-0.4147,1
-0.5118,-0.8138,-0.2903,0.7905,18.956,-0.2734,0
0.1181,0.9239,-0.0681,16.828,-0.8866,23.257,1
-0.645,10.732,0.2197,-12.246,0.8667,-0.3991,1
-0.5596,-12.37,-0.2877,22.77,19.875,-23.853,0
-0.0913,-12.181,-0.338,0.9889,-0.5955,-11.89,0
0.8251,0.2167,-0.2926,0.9323,-0.3708,-32.196,1
-0.1711,-0.5182,0.3356,0.5063,-0.4893,-0.8952,1
15.262,-15.747,-25.542,0.6411,0.3457,21.851,1
-0.1093,0.77,-0.2294,-19.271,16.177,-0.9422,1
-32.007,-0.2558,0.2569,-27.632,-29.534,-31.613,1
25.049,-16.889,-21.031,11.206,-0.1773,18.306,1
0.4227,-12.972,-0.2829,0.1397,0.7508,-0.0938,0
-0.4381,-0.8407,-0.388,0.9649,13.074,-0.7518,0
0.1977,-0.9758,-0.0566,-10.767,-14.093,-13.402,0
0.312,-0.8786,-0.2852,16.246,0.4653,32.655,0
0.3764,-0.761,-0.1994,0.349,21.497,0.7175,0
-0.0436,-0.5531,0.1564,0.6062,-0.4375,-0.616,1
-0.1144,-0.7136,-0.0584,-20.551,27.668,-0.0422,1
-0.3597,-12.126,-0.3098,15.118,0.5083,-15.224,0
-0.2894,-0.5124,-0.0998,-0.0152,-0.3178,0.5444,0
0.1013,0.4065,-0.2443,0.5749,0.7742,28.196,1
0.217,0.4408,-0.1214,0.8192,0.7498,12.938,1
-0.0755,-0.8957,-0.2829,0.2184,-26.509,-0.0904,0
0.7771,-0.2424,-10.942,-0.6883,23.738,0.5302,1
0.3262,-13.691,-0.2883,-25.215,-18.554,-15.8,0
0.0283,-0.5381,0.1455,-21.132,-0.5676,-22.342,1
11.676,-0.6904,0.1044,-0.4025,-0.2505,18.841,0
0.2521,0.8248,-0.494,-0.5432,0.4967,12.393,1
-23.175,-0.3522,-0.6844,-14.669,0.0169,-15.903,1
-0.253,-0.6208,-0.1724,0.8735,-0.0684,-12.004,0
0.3666,-10.749,-0.0908,0.692,-13.315,19.104,0
0.0044,-10.852,-0.108,-21.941,0.2868,-14.703,0
0.2424,-0.8886,-0.157,0.5614,0.4323,0.9803,0
0.2524,-0.8345,-0.3924,10.467,0.9737,10.987,0
0.4085,-10.968,-0.4389,0.199,-0.0472,0.0875,0
0.3379,-0.8984,-0.0639,0.2449,0.7652,0.7082,0
0.2427,-0.7663,-0.2986,11.153,0.8157,0.7501,0
-0.3334,-0.924,-0.1212,-11.65,0.8811,0.5879,0
-0.3122,-11.267,-0.4298,-0.2306,0.7359,0.4553,0
0.9462,-14.287,-21.992,0.9697,0.1675,23.286,1
0.4985,-0.9514,-0.1122,10.647,0.8873,26.864,0
0.0001,0.5227,0.0176,25.093,-34.272,33.413,1
0.1792,-0.5697,-0.1111,0.8604,-0.1324,15.04,1
-0.2984,-13.055,-0.202,-15.246,16.132,15.709,0
0.1767,-0.8085,-0.1708,-16.829,-0.3949,-16.287,0
-0.3617,-11.306,-0.2309,-0.6217,-0.5601,0.234,0
-0.0386,0.8138,-0.1225,-0.7356,0.7739,-14.733,1
15.342,0.1463,-10.564,19.804,-26.181,-41.135,1
-0.1497,0.3462,-0.1749,0.7076,-0.0541,23.727,1
-0.2939,-12.983,-0.2625,-14.031,0.1462,12.081,0
0.9044,-0.912,-0.1013,24.297,-0.918,-37.936,1
0.3923,-10.251,-0.287,0.7729,-0.4541,14.727,0
0.2092,-0.8641,-0.1803,-0.2695,0.2098,-0.3694,0
-0.1692,-0.8954,-0.0615,-12.673,0.0235,21.475,0
-0.4824,-0.8555,-0.3087,0.5759,-30.155,-0.7539,0
-0.7222,0.5913,-0.3582,-15.424,-13.456,-13.104,1
-0.1714,-0.9555,-0.1419,-16.045,-0.5808,20.165,0
-0.0997,-0.659,0.2135,-17.982,0.1772,-0.6023,1
0.1688,-12.135,-0.306,10.964,0.215,17.474,0
-0.5814,-12.389,-0.144,-14.718,-0.1617,16.43,0
0.3281,-0.8047,0.0095,-0.0755,0.6587,0.3417,0
-0.9658,0.3583,-0.7155,0.4946,-0.0662,33.06,1
-0.3055,-12.61,-0.4601,-0.8368,0.0693,0.6865,0
-0.2941,-0.5653,0.3324,13.669,0.6979,22.194,1
-0.383,-0.9933,-0.2366,14.503,-0.4504,-20.563,0
0.4699,-12.238,-0.4049,0.4021,-0.3908,0.7719,0
0.4538,-0.9796,-0.1584,0.7095,12.392,17.708,0
-0.1802,-0.8002,-0.146,-0.4412,-0.1301,14.949,0
-0.2607,-0.8677,-0.3758,0.5781,0.2803,-0.4237,0
24.977,0.4795,-15.435,-0.6976,-20.628,-20.036,1
-0.4991,0.6761,-0.2633,0.8783,-30.077,28.926,1
-20.28,0.1016,-0.3356,-23.184,-17.255,-26.223,1
-0.3098,-0.8433,-0.2008,0.5577,-19.627,-12.474,0
0.1945,-0.4635,0.1375,0.2051,-13.457,-11.9,1
-0.5,-0.2361,0.1388,0.5359,-0.6611,-0.1993,1
-0.2861,-0.9611,-0.0734,-0.6052,28.236,14.395,0
0.0919,-0.8244,-0.3511,0.0594,-28.245,-0.25,0
0.3504,-0.9542,-0.2318,-0.3707,-17.96,-0.5736,0
0.118,-0.5372,-0.2104,10.178,-0.0532,-0.182,1
0.2632,-10.031,-0.1003,-21.329,-0.3789,-20.551,0
-0.1634,-0.7229,-0.3557,0.9984,-0.7842,-0.5986,1
-0.2611,-12.478,-0.4232,-0.37,-0.2637,0.2095,0
-21.179,-0.0196,0.1509,22.093,0.3221,20.94,1
0.1934,-0.5686,0.1269,-0.8334,-10.363,-11.147,1
-32.75,0.0573,0.086,26.495,0.0137,24.224,1
-0.2709,-0.5262,0.2833,20.972,-0.5582,11.454,1
0.6417,-0.2881,-12.363,-0.7491,24.634,10.588,1
0.0505,0.9191,-0.2353,-0.4579,0.0965,-16.9,1
0.3519,-0.8228,-0.2745,0.4518,0.0888,0.0589,0
-16.662,0.0309,-0.1474,14.183,0.1544,20.628,1
0.1089,11.113,-0.1692,-0.806,-0.5644,0.7408,1
-0.8095,-0.9291,-0.1179,-19.981,-13.328,-30.523,1
-0.3027,-0.9538,-0.2407,0.6084,0.2937,-0.9191,0
-0.3855,-0.2567,-0.0619,-0.0557,-0.1011,-0.0413,1
0.2594,-10.045,-0.4331,0.7459,-0.8873,0.6143,0
-0.5709,-0.5834,-0.2444,10.912,0.5379,-10.439,0
0.1868,-0.5772,0.1176,-24.7,-0.4296,-21.919,1
-16.724,0.7775,0.0517,-20.932,0.4953,-0.591,1
-0.289,-0.7556,-0.2616,0.327,-26.038,-0.5514,0
-22.322,0.8453,0.0162,29.198,30.179,28.582,1
0.0689,-0.805,0.1247,0.2324,-0.1046,28.226,1
0.325,0.397,-0.2671,0.8957,-0.8694,-25.99,1
0.5238,-10.688,-0.1631,12.09,0.2615,19.725,0
0.6238,-11.94,-0.4729,0.2423,-0.3405,-0.0241,0
0.4126,0.6826,-0.1936,13.356,21.039,33.111,1
0.1997,-0.8163,-0.0632,-14.476,-0.5795,-20.491,0
-0.0315,-0.4373,0.3092,10.806,0.035,-0.9868,1
-18.901,0.6745,-0.0037,-20.246,-0.1861,-11.561,1
-0.3178,-0.8094,-0.3737,0.9509,0.6237,-0.9408,0
0.1079,-0.6024,0.1034,-0.7278,-0.704,-0.6763,1
-0.0173,-0.7562,-0.6316,0.2455,-0.8625,-23.453,1
-0.9173,-0.7396,0.1804,-28.217,0.8522,-19.929,1
0.9619,-10.129,-0.5687,10.264,0.3472,37.705,1
0.6731,-0.5866,0.2548,-0.1705,-11.116,-13.594,1
-0.4215,-0.7448,-0.33,0.7753,10.415,-0.4803,0
-0.3636,-0.984,-0.3157,0.426,-36.398,-0.9142,0
-0.0161,-0.5307,0.1577,0.6376,-0.1428,-0.0852,1
-0.5645,-13.045,-0.2286,-12.961,15.337,0.9651,0
-0.6987,-0.3059,0.0195,10.017,0.9115,-0.3629,1
-0.1518,-0.8491,-0.0282,-0.8029,0.7872,20.564,0
-12.551,-0.31,-0.0371,0.925,-0.4929,0.4988,1
-0.1835,-0.936,-0.0834,-0.8658,13.09,10.522,0
0.062,-10.654,-0.1512,0.862,0.0741,0.5324,0
-0.1999,-12.549,-0.2674,15.569,11.477,-15.392,0
-0.795,-0.6369,-0.4761,-0.1236,16.054,-0.5412,0
26.088,-0.1538,-23.827,-0.5679,-0.3996,-33.052,1
-0.2047,-13.409,-0.3623,19.152,-0.2027,-17.368,0
-34.791,0.5324,0.2457,28.71,23.593,30.691,1
17.721,-0.5422,-14.788,-0.0444,-0.5238,-32.781,1
-0.2508,-0.871,-0.1649,0.4965,0.0807,-0.3615,0
0.5646,-11.832,-0.4766,-0.5519,-12.521,-10.407,0
0.3409,-11.533,-0.3023,17.505,-0.4711,24.666,0
0.259,-0.7905,0.0238,-0.6867,0.653,-13.155,0
0.8719,-0.6258,-11.343,0.705,-0.0766,27.725,1
0.2875,-10.378,-0.2212,-0.649,-0.2262,-0.4095,0
-0.4823,-0.7892,-0.3752,0.6612,0.1238,-0.9161,0
-0.3739,-10.721,-0.1166,-11.697,-0.5126,13.467,0
-0.3909,-10.497,-0.2044,-0.6479,0.4997,10.768,0
-23.838,-0.3566,-0.3659,13.23,10.078,24.076,1
-0.2617,-11.588,-0.102,-10.191,11.704,12.838,0
-0.0278,-0.3757,-0.0976,11.794,-0.6272,-0.2405,1
-0.3507,-0.5562,-0.3193,0.61,0.003,-0.5093,0
-0.1831,-10.087,-0.2885,-0.061,12.016,0.2177,0
-0.1297,-11.405,-0.203,11.195,0.1285,-0.6468,0
-0.2145,-11.873,-0.2604,15.379,-0.1754,-12.683,0
0.8811,-0.8504,-0.907,-0.6506,17.808,-22.658,1
34.081,0.1131,-19.795,0.58,-40.024,-0.5872,1
-0.3749,-10.232,-0.2382,0.904,-0.3746,-12.275,0
0.4351,0.4559,-0.6689,-0.6817,0.8695,0.6296,1
0.2934,-0.9801,-0.0488,-0.7063,0.8159,-0.2267,0
-0.3142,-11.379,-0.336,-0.6385,0.1966,0.5308,0
-0.2127,-0.7857,-0.0792,-0.6981,-11.044,0.226,0
-0.4155,-0.774,-0.3508,0.6904,-0.329,-0.436,0
-0.3618,-10.792,-0.2109,-13.544,0.8942,12.808,0
0.2981,-0.4342,-13.118,-0.3217,31.863,15.61,1
0.6638,0.2495,-0.9769,-13.399,-0.7226,-36.344,1
-0.3092,-0.3595,0.4568,15.147,-0.805,14.685,1
-0.6977,-0.4831,-0.1646,-23.943,-17.656,-29.918,1
0.9042,-12.109,-11.785,0.8992,0.5524,36.408,1
0.2427,-0.6867,0.0473,-11.832,0.7217,-20.105,0
-0.6604,0.4642,-20.441,0.9051,0.1648,-40.577,1
0.6552,-0.7874,-0.2687,0.8422,0.2625,32.683,1
0.0198,10.719,-0.1699,-0.3536,0.458,-0.3631,1
-0.4223,0.891,-0.1148,-0.7774,-0.0744,0.583,1
-0.2779,-0.6939,-0.0202,-0.5308,-0.4858,0.7264,0
18.218,-13.194,-24.938,0.9704,-0.2791,28.34,1
0.206,-0.8406,-0.173,-13.461,-0.4795,-18.762,0
-0.4571,-10.951,-0.1103,-0.9171,0.1433,15.678,0
-14.326,0.5239,-0.6017,-15.054,-0.8319,-12.681,1
0.3649,-10.094,-0.2474,0.3312,-0.8114,-0.1587,0
-0.5958,0.7094,-0.0065,-18.789,0.2084,-0.1762,1
0.3536,-12.039,-0.3264,0.1566,-0.4013,-0.2156,0
0.2345,-13.952,-0.3983,0.1663,-0.4217,-0.1677,0
-0.2135,-0.7159,-0.2834,0.9334,0.1215,-0.7743,0
-0.3462,-10.464,-0.1405,-18.545,-17.664,15.616,0
0.2001,-0.8814,-0.0324,10.219,0.3414,44.317,1
0.1388,-14.244,-0.3936,-0.4179,-0.7656,0.1253,0
0.3141,-0.8143,-0.2184,-0.4951,12.319,-0.7352,0
0.2739,-0.6974,-0.0453,-0.3572,0.061,-0.5367,0
13.89,-10.366,-12.661,0.1361,-24.367,34.661,1
0.1372,-0.3765,0.0037,11.887,-0.4336,0.3766,1
0.1742,-0.5475,0.1504,-0.4692,0.6427,-0.0003,1
-0.3184,-11.504,-0.2216,-16.262,0.9109,14.288,0
-0.2731,-0.6848,-0.1339,-0.5901,-0.3068,0.95,0
14.657,0.0981,-17.56,-10.329,-12.621,-39.328,1
-0.2511,-0.9255,-0.3871,-0.3024,0.0517,0.0962,0
0.4941,-13.307,-0.3544,-19.123,-14.81,-15.948,0
-19.047,0.1709,-0.889,-11.734,-16.506,-37.104,1
12.879,-0.8203,-14.08,-12.232,21.88,15.613,1
0.1623,-0.7996,-0.2173,0.7691,10.295,0.6217,0
0.2377,-0.6344,-0.0137,-11.279,10.835,-10.715,0
0.8398,-10.946,-0.8717,16.285,28.512,61.877,1
-0.2756,-13.302,-0.2422,11.208,-0.0257,-23.122,0
-0.0749,0.876,-0.3495,-11.928,0.7579,-20.704,1
-0.2989,-0.9359,-0.2775,0.1232,0.5982,0.1333,0
0.2023,0.3374,-0.3477,0.5627,0.4911,0.3705,1
0.3333,-0.8669,-0.0291,-15.996,-0.214,-15.717,0
-0.2401,-0.9018,-0.1189,-0.936,-0.2177,0.7011,0
0.2899,-0.367,-0.1979,15.222,-0.1477,0.8157,1
-0.0349,-0.4236,0.186,17.198,-10.339,0.1168,1
11.976,-13.593,-10.827,0.3099,13.822,42.927,1
-0.0835,-0.8428,-0.3173,0.756,-15.305,-0.7964,0
-0.2999,-0.5608,-0.1078,-0.3115,-0.5387,0.5433,0
0.7967,-0.2321,-13.671,-0.5726,23.588,0.7161,1
0.5719,-11.0,-0.4108,0.3613,0.2474,0.3627,0
0.287,-0.9963,-0.073,-11.267,-12.524,-17.388,0
0.5929,-0.646,-0.1026,0.616,0.1622,11.614,0
29.473,0.1892,-21.241,0.1403,10.943,-32.134,1
-0.3494,-11.353,-0.377,23.226,0.7967,-21.684,0
0.9528,-0.3132,-10.193,11.53,-0.8778,-0.6312,1
-0.3385,0.8468,-0.0665,-0.3485,19.374,0.5522,1
-0.266,-0.4412,0.2688,13.727,0.3262,13.678,1
-0.1903,0.7321,-0.1574,13.056,0.9522,26.66,1
0.5448,0.1928,-0.5852,-0.5666,-0.0091,-33.288,1
-0.3168,-0.8743,-0.2495,0.1959,-15.277,-0.2095,0
-0.3486,-0.9054,-0.3927,-0.3654,16.253,0.4365,0
-0.5107,-0.8948,-0.3237,0.9076,-0.2267,-0.8096,0
0.1043,-12.36,-0.3095,16.1,0.1485,21.028,0
0.7294,-12.07,-20.237,0.8572,0.1743,29.518,1
-38.604,11.223,-0.1605,14.954,-0.1336,16.726,1
21.82,0.0173,-15.928,-0.5223,46.92,-40.186,1
0.2058,0.4307,-0.4793,-0.4067,-0.4336,-20.089,1
0.0424,0.7972,-0.2984,-0.4869,0.9389,0.139,1
0.9251,0.6536,-0.7832,-12.096,0.9866,12.551,1
0.083,-0.3897,-0.0344,16.62,0.3188,11.637,1
-0.3391,-11.081,-0.2686,17.313,11.542,-13.121,0
-0.3316,-11.044,-0.4369,-0.7614,0.7229,0.7359,0
-0.3486,-14.801,-0.1088,-21.49,-0.1749,15.496,0
-0.3324,-12.342,-0.3623,-0.7607,0.0943,0.6911,0
0.3537,-11.215,-0.1292,0.8577,-0.8489,15.006,0
-0.2169,-0.6739,-0.0952,-0.9958,-0.6926,10.851,0
15.57,0.3928,-10.077,12.777,-19.692,-27.249,1
-35.274,-0.1139,0.1603,30.705,-0.9372,22.065,1
0.5766,-11.001,-0.3795,-0.2187,-0.5235,0.0888,0
0.5735,-0.785,-0.3323,0.3254,13.68,0.2272,0
15.357,-0.9034,-0.9475,-0.2812,-10.169,-19.908,1
-0.2537,-0.9561,-0.3502,0.3982,12.646,0.1137,0
-0.203,-0.8939,-0.0716,-13.994,-0.3485,16.647,0
-10.296,-0.0338,0.1078,0.7453,-0.022,0.2459,1
-0.2926,-0.709,-0.1254,0.8348,0.9749,-0.123,0
-0.2912,-0.6665,-0.1367,-0.6644,-0.0039,0.9022,0
-0.6449,-0.3837,0.464,11.868,-0.609,-0.4284,1
0.2224,-14.354,-0.043,-12.372,11.846,-31.942,0
0.1577,-0.8881,-0.0883,15.05,-0.6006,26.877,0
0.0009,-0.57,-0.4016,10.588,0.116,-0.939,1
-0.4238,-0.3604,0.1906,0.7827,-0.6842,11.681,1
-0.2362,-0.7934,-0.0889,-13.27,0.0744,16.642,0
-0.2761,-11.303,-0.2523,10.41,-0.0773,-12.09,0
0.3876,-0.9289,-0.4871,0.316,-0.3576,0.5451,0
0.211,-0.8501,-0.207,0.2014,-0.3187,-0.1761,0
-0.2384,-12.878,-0.2657,-21.338,0.4921,19.403,0
-0.3885,-11.312,-0.2313,-0.9474,13.447,14.278,0
-26.828,0.9717,0.2036,24.167,23.935,30.79,1
10.087,-11.439,-0.8799,17.103,-15.381,50.498,1
0.2767,-10.338,-0.0986,-16.766,0.468,-23.049,0
0.3287,-0.8946,-0.1038,-10.721,0.4905,-32.82,0
0.4924,-11.079,-0.1849,-0.7915,-12.449,-0.7357,0
-0.2791,-0.727,-0.1651,0.2875,-0.5485,-0.4949,0
0.3741,-12.213,-0.1917,-0.6463,-0.3978,-11.91,0
0.1573,-0.7533,-0.1041,-10.897,0.1153,-0.8815,0
0.1225,-0.8477,-0.2337,0.769,0.8169,0.8358,0
0.4829,-12.355,-0.3964,27.234,-0.3703,35.021,0
-24.105,-0.1771,-0.1531,-20.766,-10.78,-20.728,1
0.6083,-0.9173,-0.5512,0.1886,0.8144,36.797,1
0.3012,-0.9686,-0.0297,-15.302,0.7242,-34.385,0
0.4128,-0.7502,-0.2294,0.9052,0.2877,19.426,0
-0.2237,-0.7186,-0.0846,-0.4791,0.8905,15.781,0
-0.2232,-0.9054,-0.0135,-0.9757,0.6918,20.482,0
-30.499,0.3305,0.2242,19.12,23.987,34.739,1
0.5648,-0.5703,-0.3722,14.61,-0.084,-12.721,1
-33.139,-0.15,-0.229,24.036,14.721,22.698,1
0.0989,14.431,-0.3205,-0.0975,-0.5279,-16.118,1
11.272,-0.3162,-0.9598,-0.6325,17.844,22.893,1
0.388,-10.434,-0.092,0.0246,0.4596,0.6408,0
0.0206,0.642,-0.1382,-0.3326,-0.2398,-18.718,1
-24.668,-0.3387,0.1297,-21.164,-0.0749,-38.633,1
0.2447,-0.7219,-0.1213,-0.38,-0.2261,-0.8985,0
-35.309,0.5077,-0.4742,22.976,22.082,35.778,1
-0.2839,-11.992,-0.3627,-10.519,-0.4313,0.4063,0
0.4575,-10.628,-0.4151,0.822,-0.4251,48.909,1
0.1592,-11.739,-0.3728,-11.739,0.5036,-0.8172,0
0.3861,0.4792,-0.4264,-10.56,0.9384,0.7885,1
-0.3355,-0.7556,-0.3371,0.5565,-13.914,-0.7197,0
-0.2958,0.7233,-0.2615,0.3449,0.7874,-0.0934,1
0.1714,-14.099,-0.4323,0.2096,-0.3202,0.2342,0
-0.2333,-0.7146,-0.0741,-0.7799,0.5441,18.099,0
-0.2207,-12.304,-0.2722,0.9996,0.8834,-11.123,0
-0.3406,-0.9647,-0.059,-0.3363,12.296,0.7008,0
-13.559,-0.2833,-0.2884,0.8386,0.0154,13.202,1
0.2208,-0.8226,-0.1013,-19.447,-0.5771,-18.635,0
-0.5085,-11.537,-0.386,0.046,20.022,0.5539,0
0.2805,-10.319,-0.3228,20.305,0.0588,22.279,0
-0.1527,-10.956,-0.2036,12.584,0.645,-0.937,0
0.5569,-14.246,-0.1935,0.3919,-11.598,35.336,0
26.637,-10.399,-25.933,0.0399,-0.1229,-17.638,1
-0.3285,-12.64,-0.3555,-0.6999,0.8265,0.6309,0
-33.25,-12.063,0.4657,-22.137,-0.2504,-27.714,1
-0.36,-11.759,-0.3398,16.239,0.1587,-21.211,0
-24.32,0.1115,0.1497,-28.924,-0.5332,-16.739,1
0.4835,-11.357,-0.0534,0.3511,0.5284,30.304,0
0.1851,-0.7972,-0.1917,0.3441,22.526,-0.6429,0
0.0655,0.5391,-0.1452,-12.104,14.84,-0.55,1
0.5731,0.5932,-0.6149,-0.7184,0.6232,0.6464,1
0.4288,-15.06,-0.364,-0.8868,-0.3321,-0.6177,0
-0.3494,-0.8822,-0.3086,17.551,10.761,-22.084,0
0.0524,-0.6128,0.0882,-0.6759,0.5303,-13.459,1
11.465,-13.911,-0.9129,-0.0436,-0.2951,-17.984,1
-0.2917,-0.9668,-0.4424,0.2881,0.2396,-0.2624,0
0.0956,0.7272,-0.2071,-0.2203,28.531,0.7198,1
-0.5996,0.7984,-0.0053,-17.047,0.5339,-0.9409,1
0.3547,-0.8824,-0.4797,13.601,0.9387,0.6422,0
-0.3929,-13.348,-0.3392,-11.483,-0.0197,0.7983,0
0.2374,-10.135,-0.095,-14.179,-0.7056,-17.699,0
0.166,0.5171,-0.26,-0.0185,-11.884,-35.57,1
-0.3227,-11.818,-0.2515,19.736,20.294,-21.44,0
0.2426,-0.8646,-0.0203,-17.601,0.078,-23.078,0
0.0065,-0.6852,0.1085,0.1993,-0.1731,37.677,1
-0.3295,-0.9678,-0.3042,20.839,0.685,-18.742,0
-0.4905,-0.214,0.1895,0.4527,-0.417,-0.8544,1
0.2567,-0.8082,-0.1859,0.3701,0.4459,0.5118,0
-0.2086,-0.8506,-0.3683,0.4352,-0.2909,-0.3943,0
-0.5703,0.6677,-0.0714,-0.928,-0.174,0.0345,1
0.3511,-0.7836,-0.0757,-0.7882,-0.3461,-33.438,0
0.3411,-0.7171,-0.2009,16.759,-0.3922,-0.0092,1
-38.737,10.553,0.3747,29.837,-20.993,30.527,1
0.5712,-0.9719,-0.2568,-0.4372,0.5613,-10.171,0
-0.3169,-10.884,-0.1529,-12.065,-0.1861,19.221,0
33.88,-0.149,-0.1416,18.6,18.447,-17.263,1
-0.2052,-11.807,-0.3278,-19.053,-0.5049,13.077,0
-0.2923,-0.9838,-0.1239,0.3319,0.3194,-0.2661,0
0.7879,0.7074,-0.7657,-0.9475,30.802,16.001,1
10.988,0.1841,-10.451,0.1628,14.157,-39.262,1
0.3327,-0.7567,-0.0927,0.0031,10.052,0.574,0
-0.2997,-10.48,-0.2165,10.469,-0.6454,-13.511,0
0.3323,-10.036,-0.4007,0.3121,-0.5089,-0.0034,0
0.123,-0.8012,-0.021,-18.27,0.736,-16.039,0
0.4848,-0.7927,-0.2114,0.714,10.366,0.9297,0
-0.0969,-0.9509,-0.1494,-19.696,-0.8656,18.834,0
-0.4123,-13.827,-0.1243,13.614,0.988,-17.634,0
0.5296,0.3586,-0.5218,0.0394,0.4426,-33.176,1
0.4042,-0.5228,-0.1066,0.9127,-0.1801,25.524,1
-20.981,0.4502,-0.1786,-11.668,-0.7968,-0.7965,1
-0.2287,-0.5055,-0.0572,-0.5359,-0.4882,0.7448,0
-26.119,0.1944,0.4522,18.395,11.908,31.778,1
0.5119,-0.4345,0.1529,-0.4641,-0.5031,-0.5594,1
0.174,-13.116,-0.3661,24.18,0.1877,33.612,0
-0.3503,-0.7172,-0.1374,10.901,0.2594,-18.73,0
-24.338,0.289,-0.457,-0.8382,11.281,16.764,1
-0.0525,0.64,-0.2095,-0.2116,0.47,-0.8042,1
-0.2129,-10.355,-0.3059,0.5952,-28.793,-0.2781,0
-16.795,0.3802,-0.5856,14.65,-11.138,25.493,1
0.473,-11.759,-17.73,22.717,-22.093,22.115,1
0.8083,0.4902,-0.5232,0.4375,-10.579,-37.904,1
-0.9739,-0.2319,0.2409,27.966,16.488,11.195,1
0.3764,-0.968,-0.4113,-0.6179,-11.094,-10.716,0
-0.9154,0.471,-0.3816,-11.666,-0.1063,-11.225,1
0.0039,-0.444,0.0962,12.57,-0.0183,-0.1117,1
-0.1476,-0.527,-0.1553,-0.9542,-13.524,13.929,0
-0.8316,-0.2558,0.1555,11.634,0.2161,-0.1379,1
0.1016,0.3434,-0.2005,-0.1925,26.987,-0.6865,1
-0.2384,-11.06,-0.1786,0.2029,10.643,0.6302,0
14.149,-0.7527,-16.566,0.6694,-0.726,23.028,1
-37.075,0.6632,0.4465,28.651,0.9817,21.828,1
0.2473,-13.101,-0.2806,-17.14,-0.8798,-22.073,0
-0.4188,-0.3085,-0.0084,0.8142,-0.594,-0.1227,1
-34.208,-0.3089,0.1201,-26.965,-30.124,-27.827,1
0.8839,-0.0691,-11.705,-10.326,18.519,0.4536,1
0.1365,-0.4659,-0.1981,0.3561,-0.0411,-0.9434,1
0.1339,-11.035,-0.1072,18.183,0.9235,23.867,0
0.3465,-10.073,-0.2868,-0.0882,-0.5521,-0.0664,0
0.2386,-11.134,-0.0736,-15.11,-0.0439,-11.946,0
-0.3562,-0.9964,-0.2432,13.365,0.5813,-11.544,0
-0.2241,-0.7765,-0.2577,0.3821,-20.49,-0.1335,0
-0.4672,-0.8755,0.3959,-27.848,-24.318,-0.1175,1
0.2091,0.8215,-0.2095,-11.135,14.312,0.2703,1
0.3397,-11.06,-0.1078,-0.5335,-0.1874,-11.513,0
-0.6547,0.8295,-0.0046,-14.996,0.2981,0.0583,1
10.415,0.2189,-0.8438,0.5329,-0.9546,-38.085,1
0.3344,-0.9245,-0.3477,10.063,0.215,0.893,0
0.6671,0.1989,-0.864,-0.5224,10.504,10.898,1
0.4138,-13.342,-0.3756,37.956,-0.816,47.429,0
-0.5378,0.3457,-0.2098,-0.1272,-0.9689,-0.0897,1
-0.0268,-0.6004,0.0291,12.153,0.2349,0.174,1
0.1377,-0.451,0.3305,0.0588,-0.7524,-17.712,1
0.0737,-0.9955,-0.1166,-23.577,-0.0276,-20.784,0
15.78,-0.2921,-0.7935,-0.2574,-0.5518,-34.104,1
-0.3647,-10.562,-0.3919,0.5908,0.8114,-0.6353,0
-0.1749,-0.908,-0.0633,-0.7396,16.758,14.978,0
0.2183,-10.883,-0.3127,0.8539,0.765,17.814,0
0.3206,0.5219,-0.2056,0.518,0.1684,19.943,1
-0.2106,-13.227,-0.1427,-15.099,-0.8717,23.176,0
-37.783,0.1669,-0.8437,15.76,-0.6378,34.954,1
-15.947,0.0246,-0.3027,10.631,-0.9555,18.039,1
-0.2485,-10.653,-0.0492,-15.715,0.2851,32.131,0
-0.2103,-0.632,-0.0752,-14.697,0.3403,19.405,0
-0.0893,0.5226,-0.1783,0.1386,-0.2306,15.397,1
33.55,-10.606,-20.516,0.2937,-15.307,-46.178,1
-0.2779,-0.761,-0.2549,0.8324,-0.3293,-0.8748,0
0.1347,-15.671,-0.4273,-0.9452,0.0179,-0.152,0
-0.4205,-10.214,-0.1726,-12.805,0.1844,0.6919,0
0.478,-0.9515,-0.2382,12.955,0.6511,29.977,0
-24.014,0.9843,-0.1158,28.53,0.5093,22.379,1
-0.0833,-0.399,0.343,0.6685,-0.133,-10.167,1
-0.2089,-0.9591,-0.1056,-14.349,-0.3766,18.505,0
0.0455,11.521,-0.2947,-0.7527,-0.0637,0.3768,1
0.4442,-10.67,-0.0563,0.3506,13.155,14.56,0
21.411,-0.5357,-25.407,-14.055,-21.026,-28.04,1
-0.297,-11.952,-0.461,0.3797,0.4167,-0.6918,0
-0.377,-11.594,-0.2743,14.539,0.5948,-21.405,0
-14.087,0.4923,-0.3154,-20.974,-22.271,-13.467,1
20.716,-0.8252,-19.996,-0.23,-15.257,-27.072,1
0.5719,-0.0646,-0.9243,-12.975,40.58,0.3931,1
0.2234,-0.7198,-0.3128,14.206,17.024,11.429,0
-0.5195,-10.403,-0.1495,13.49,-13.869,-25.549,0
-0.3564,-0.4034,0.0602,11.831,0.5624,-0.6509,1
-0.3967,-0.6523,-0.2327,0.1439,0.8379,-0.0687,0
-24.903,12.673,-0.0202,23.184,0.5027,27.021,1
-0.0882,-0.4122,0.1492,0.7871,-0.2765,0.8494,1
-0.4635,-13.661,-0.4359,-19.101,-10.43,10.933,0
10.011,-0.0177,-0.6748,-13.389,13.523,12.835,1
0.3721,-12.292,-0.2769,-0.2606,-0.2211,-0.3574,0
-0.4843,-14.686,-0.4096,-14.342,-0.0542,0.365,0
0.2337,-0.8929,0.1053,-0.7636,0.0988,-0.8829,0
-0.4632,-0.7524,-0.3508,0.542,0.2984,-0.737,0
10.103,-0.027,-11.312,-0.4672,23.172,17.179,1
0.1181,-0.7782,-0.2943,0.5596,-0.3296,43.139,1
0.7387,0.5115,-0.4673,-13.086,12.582,14.401,1
-0.3807,-0.525,0.563,16.009,-0.4506,14.684,1
0.1753,-11.522,-0.394,-10.164,0.3178,-0.2763,0
18.826,-0.8293,-18.919,0.9945,-11.807,43.095,1
-34.662,0.1674,0.3442,27.943,36.24,24.649,1
13.877,0.2414,-13.723,-0.205,-26.497,-22.309,1
-0.1746,0.8985,-0.3894,-10.237,0.2859,-13.374,1
0.5682,-0.7637,-0.4938,0.3446,0.4343,-0.6061,1
-0.4852,-11.656,-0.0475,-0.897,10.183,19.255,0
-0.399,-0.6502,-0.2558,0.2128,-0.0257,-0.1421,0
0.0023,-0.6129,0.1224,-18.66,-0.2418,-27.115,1
-0.9248,0.3449,-0.5993,-0.6602,-0.682,-10.463,1
0.3895,-0.9959,0.0459,-0.489,0.619,0.5679,0
-0.1717,-0.6727,0.0668,12.902,-0.3697,-0.1248,1
0.286,-12.47,0.0451,0.6541,-0.3211,0.7309,0
0.3763,-12.041,-0.1935,-15.704,-13.493,-0.9847,0
0.2098,-0.4155,0.2126,-0.7591,-0.1801,-14.557,1
-0.0725,0.6329,-0.1108,-0.5027,0.0976,-19.767,1
0.2829,-0.7017,-0.1351,0.396,13.646,14.358,0
-0.3226,-0.6533,-0.0418,-0.2127,-0.5428,-0.0395,0
0.426,-11.782,-0.1118,14.902,0.2539,49.471,1
0.2287,-0.7031,-0.0484,-0.9102,17.004,-0.2065,0
-0.3354,-10.705,-0.2947,15.045,-12.142,-0.9741,0
0.3871,-14.514,-0.1853,0.4183,11.994,26.538,0
-13.977,-0.3717,-0.2175,-25.402,-19.463,-43.41,1
-0.3326,-0.9513,-0.2835,0.4059,0.6784,-0.4524,0
0.4305,-0.9221,-0.1806,12.85,11.24,31.798,0
0.7272,-0.1865,-11.042,-0.8522,27.188,0.6005,1
-0.2916,-0.6002,-0.1153,0.0608,-0.464,-0.1795,0
0.0198,0.4426,-0.2152,-0.5059,-0.4932,-31.035,1
-0.2633,-13.356,-0.2486,-0.5007,-14.733,0.5009,0
0.2049,0.6346,-0.1695,-0.3325,0.41,-17.835,1
0.2146,-0.9913,-0.1516,24.837,0.2337,32.478,0
-0.2747,0.8494,-0.0272,-0.1974,-11.25,0.9663,1
-0.2055,-0.8512,-0.114,-11.101,0.0958,15.785,0
0.4682,-0.9933,-0.7465,0.7483,-0.3633,-18.529,1
-16.685,-0.2738,-13.786,-13.05,-11.144,-24.251,1
-0.2413,-0.617,-0.1795,-0.3257,0.1311,0.5454,0
-0.3763,-0.516,0.1537,-0.6215,0.2072,19.97,1
-0.2359,-0.7568,-0.11,-11.478,0.6745,16.843,0
20.901,-16.543,-25.174,12.477,0.2074,37.422,1
25.197,-10.243,-14.722,-0.317,-0.4656,41.655,1
0.4026,-12.32,-0.3892,0.8264,-0.2179,0.8021,0
-0.4517,-10.338,-0.3621,0.3825,27.908,-0.3008,0
0.298,-0.9528,-0.2597,11.09,0.3205,16.055,0
-0.0118,-0.7555,0.2564,10.277,0.5903,26.345,1
-29.198,0.0216,-0.2442,-18.899,-0.4919,-0.5896,1
-0.3847,-12.391,-0.3062,-14.606,0.6415,17.713,0
0.3253,-0.9241,-0.4581,13.036,0.6974,35.665,1
-0.5634,-0.7684,-0.4534,11.512,-0.0708,-0.7852,0
-0.8033,0.7506,-0.0304,-20.529,-10.249,-0.3654,1
27.122,-0.8585,-21.816,0.7675,-19.258,-33.664,1
0.6815,0.4222,-0.9859,-0.3923,0.2826,11.539,1
-0.4621,-0.8418,-0.3332,13.743,0.2415,-27.67,0
-0.319,-11.278,-0.3655,18.066,11.358,-25.892,0
-13.823,0.0921,0.1002,17.951,-10.619,10.084,1
0.157,-0.6137,0.027,0.0558,13.682,0.4439,1
0.1863,-0.5235,0.2396,-17.918,-0.4998,-27.108,1
20.046,-0.9059,-18.311,0.8347,0.381,26.237,1
0.1944,-0.8689,-0.0866,-17.767,-0.4997,-14.961,0
-0.4112,-11.094,-0.26,-10.206,0.9266,0.6622,0
11.126,-0.7521,-14.409,-0.4984,0.9428,19.998,1
0.3447,-11.074,-0.1953,-10.062,-12.604,-0.9984,0
0.609,0.6844,-0.6386,-0.8299,0.4894,0.5256,1
23.38,-0.7103,-0.8454,-17.099,26.892,20.975,1
-0.2346,-0.8953,-0.4459,0.5088,14.445,0.3314,0
-0.1305,-10.074,-0.2239,0.1078,-23.854,-0.1916,0
-0.3142,-0.9895,-0.3114,10.974,-0.3526,-18.261,0
0.3213,0.7699,-0.5458,-0.3529,-0.2583,-33.912,1
-0.1635,-11.601,-0.2328,-0.1221,-40.073,-10.075,0
-32.012,-0.3695,-0.1306,-20.685,18.806,-40.948,1
-0.5473,-0.6058,-0.1429,-0.0118,-14.203,0.1978,0
20.665,0.3204,-12.477,10.505,-0.3879,-37.492,1
-13.587,0.2208,-0.5749,0.3713,-14.373,-11.251,1
-0.2598,-10.524,-0.4169,-0.6616,0.4289,0.8067,0
-0.2278,-14.115,-0.2576,0.4603,-22.383,-24.05,0
-0.2805,10.063,-0.1766,-0.7284,0.2309,0.1439,1
-36.923,10.448,0.4974,42.095,-11.343,17.131,1
0.1548,0.4953,0.0827,19.522,-11.432,-28.296,1
-0.7729,-0.5766,0.1863,-33.932,-0.2158,-35.837,1
0.6687,-11.116,-0.3427,0.915,0.3459,36.965,0
0.4213,-0.964,-0.502,10.223,-13.523,0.7636,0
0.2032,-0.7753,-0.08,-0.4478,-0.0369,-12.291,0
-0.4301,-0.6849,-0.2685,0.5949,0.3964,-0.4704,0
0.3354,-0.8253,-0.1753,19.841,0.4385,18.126,1
-0.7363,-0.5855,0.1459,-20.444,-0.633,-34.199,1
0.3485,-0.8431,-0.2038,-0.0784,10.35,0.2315,0
0.2194,-0.7494,0.0426,14.761,0.4242,45.052,1
-0.527,-13.016,-0.2335,16.709,-0.0106,-23.485,0
-0.4149,-0.9874,-0.3748,28.734,17.132,-28.052,0
-0.32,-12.357,-0.1542,-15.995,0.3758,21.795,0
-0.4692,0.2959,-0.1923,17.753,0.8298,26.487,1
0.0394,0.7703,-0.3168,-0.5795,0.8892,-15.674,1
-15.2,0.5861,-0.4694,-23.813,-10.985,-12.033,1
0.3335,-11.845,-0.0621,12.53,-0.1375,16.694,0
0.001,-0.4808,0.2011,-15.556,-0.7604,-20.906,1
-0.1616,0.4588,-0.2899,-11.311,-24.948,35.257,1
-0.7959,-0.3438,0.1412,21.795,0.0074,0.4482,1
-10.576,-0.2031,0.1075,0.4651,0.1563,0.3806,1
-0.8311,0.6334,-0.1607,-19.431,-27.961,-0.1663,1
-0.2149,-0.6201,-0.0546,-0.6731,-0.6206,0.967,0
0.315,-13.975,-0.3064,-17.544,-13.98,-0.6659,0
-0.5335,-0.8953,0.1076,21.584,-12.364,0.2155,1
-0.3047,-11.121,-0.3141,-0.4734,0.4108,10.102,0
-0.3667,-0.8148,-0.3225,0.3789,-0.0578,-0.2978,0
0.4792,-0.7293,-0.1863,0.5049,0.5981,15.252,0
-17.86,0.9747,-0.3164,21.204,-28.78,13.927,1
-25.502,0.0309,0.0443,-20.751,0.6336,-31.99,1
16.302,0.2282,-12.81,0.3901,13.132,-25.225,1
0.2788,0.4828,-0.1163,0.4086,0.7043,20.176,1
-0.2553,-0.79,-0.0462,-13.816,-0.2214,14.617,0
-0.2641,0.7005,-0.1755,0.6727,0.928,13.221,1
0.4234,0.2697,-0.4378,-0.6209,-0.5235,-29.885,1
-0.5732,-12.453,-0.2398,-19.251,-14.536,15.202,0
0.0418,0.4898,-0.2111,-10.816,-0.4623,-20.582,1
-0.4244,-13.781,-0.3033,16.685,14.976,-18.123,0
0.7839,-0.9271,-0.9643,0.5392,-0.3052,-20.968,1
0.3649,-0.6902,0.193,-0.4669,-0.1369,-0.8557,1
-0.3993,-0.8545,-0.2776,0.7224,-0.4333,-0.3337,0
0.2481,-0.9283,-0.0871,-13.221,10.829,-34.542,0
-0.3868,-0.5765,0.2033,0.6236,0.5857,-0.7065,1
0.2691,-0.731,-0.0583,-0.4451,0.5597,-0.755,0
-0.3013,-0.4836,-0.1983,0.1329,-0.6656,-15.364,0
-0.3019,-12.735,-0.1723,-15.557,0.5883,22.3,0
0.9982,-0.843,-0.4198,18.24,-41.775,-20.73,1
-0.3272,-0.7101,-0.1204,-0.1681,-0.9583,-0.4168,0
0.2155,-13.052,-0.3228,18.291,-14.325,28.671,0
-0.1608,-12.446,-0.3931,15.658,-0.2481,-15.055,0
20.892,-10.89,-16.286,0.151,-0.2591,30.076,1
0.2751,-0.8976,-0.1446,0.7723,0.5488,11.45,0
0.6823,0.149,-10.008,-0.2897,-0.12,-26.877,1
0.4137,-0.9796,-0.1828,-0.8733,-17.973,-0.8426,0
-0.4685,-0.7651,-0.2446,0.6394,0.2369,-0.5339,0
-0.3414,-0.6865,-0.1549,-0.0931,-22.432,0.2732,0
0.2331,-0.8478,-0.0137,-11.288,-0.5513,-22.703,0
-16.465,0.2934,-0.1283,30.028,0.4847,30.291,1
0.3969,-0.8203,-0.0909,10.069,17.342,18.828,0
0.5541,-0.7056,-0.743,0.9357,-0.5037,-17.784,1
-0.4128,-0.6758,-0.2142,0.076,-0.479,-0.23,0
-26.001,0.369,0.7291,33.608,22.944,16.641,1
0.1382,-13.514,-0.3499,0.2929,-0.0065,0.3613,0
-0.2818,-0.939,-0.1068,-0.8028,13.061,15.511,0
0.4141,-0.9372,-0.5578,-0.383,-12.891,0.0266,0
0.3997,-10.011,-0.3273,-0.4586,-0.5424,-0.4257,0
22.677,-19.183,-20.362,-0.8154,0.9112,37.815,1
-0.214,-0.953,-0.101,-14.381,0.3337,20.002,0
-0.1571,-10.577,-0.3882,-0.3693,0.2662,0.3166,0
0.1072,-0.8442,-0.0565,-19.937,-0.09,-21.697,0
0.7883,-10.95,-0.8943,0.998,-0.2361,34.401,1
-0.368,-10.896,-0.3332,11.42,-0.0925,-21.085,0
0.2446,-0.9925,-0.0665,-12.759,0.7402,-17.783,0
-0.3096,-10.87,-0.1515,-15.631,0.4931,10.556,0
0.4717,-0.9676,-0.1152,0.7057,10.672,13.993,0
-0.259,-12.912,-0.2629,17.147,0.4321,-21.571,0
-0.5008,-11.845,-0.313,19.726,0.8262,-28.238,0
0.3429,0.6078,-0.3973,-0.6375,-0.8359,-31.411,1
17.141,-0.1334,-17.491,-0.2711,0.665,-45.35,1
-0.104,-11.32,-0.216,0.5915,-0.9388,-0.4999,0
0.4288,-0.8005,-0.134,0.4412,-0.1667,14.961,0
18.058,0.2649,-0.5724,10.182,15.609,-23.163,1
-0.2874,-0.4262,-0.1144,-0.054,-10.759,-0.8006,0
-0.2777,-13.224,-0.3476,-10.474,-0.0947,0.6958,0
-0.2954,-0.8499,-0.1196,-0.3689,13.663,0.6582,0
0.2859,-0.8517,0.056,-0.8057,-0.3484,-23.983,0
-11.354,-0.3884,0.0381,14.794,0.9911,0.0622,1
-0.3176,-0.3147,0.5958,19.176,-0.1691,0.769,1
0.2451,-0.7513,-0.0711,0.4032,-0.0894,23.071,0
-0.4872,-11.517,-0.3358,12.516,-0.645,-25.066,0
-0.2494,-0.6806,-0.0572,0.2344,-0.1954,0.8122,0
-0.0443,0.8079,-0.2161,-0.6453,0.6391,-12.434,1
-0.181,-12.116,-0.065,13.108,0.6028,-11.965,0
0.3342,0.9913,-0.4168,0.4387,-0.7265,-0.4959,1
-0.1813,-0.7098,-0.1376,-0.4511,0.1437,0.5255,0
-0.2434,-11.813,-0.3291,-10.743,-0.2727,0.655,0
0.0157,-0.6431,0.2142,-21.178,-0.7213,-12.432,1
27.217,-15.214,-25.072,0.0443,-15.031,-34.443,1
30.582,-0.95,-13.831,0.9441,-19.049,-34.753,1
-0.1093,-0.5545,0.0984,-0.0725,13.056,0.3671,1
-26.004,0.2954,0.2105,22.208,0.336,18.359,1
0.1941,-12.621,-0.3832,-0.2428,0.6571,-0.1968,0
-0.5077,0.7413,-0.077,-0.9065,27.8,0.024,1
0.4496,0.3972,-0.2594,0.6608,-11.051,-31.124,1
0.5082,-0.5462,0.2076,-0.9488,-0.109,-13.085,1
-0.2698,-0.6471,0.076,-17.56,-15.064,-21.237,1
-0.205,-10.193,-0.4124,0.2774,0.1603,-0.0547,0
0.2368,-0.5181,-0.3199,0.5583,-0.2112,-0.3063,1
0.1682,-0.9597,-0.0854,-19.561,-0.9693,-23.476,0
-0.1596,-11.122,-0.3466,14.678,0.3815,-12.684,0
-0.2329,-0.745,-0.0417,-0.6666,-0.1723,15.801,0
-0.3849,-10.923,-0.1883,-0.4386,11.879,0.7605,0
0.4055,-10.487,-0.2276,27.693,-10.363,33.555,0
23.775,-0.8443,-0.8831,0.2883,-0.3633,-35.015,1
0.2919,-0.6521,-0.0387,-0.1505,13.476,-0.1438,0
-0.3211,-0.5477,-0.0467,-0.0304,0.2466,0.0728,0
-0.3312,-0.6781,-0.0565,-0.3449,-0.2723,0.4957,0
-0.448,-15.819,-0.52,-0.1004,15.406,-0.091,0
0.3599,-0.9103,-0.2609,0.9013,0.2789,16.11,0
0.5143,0.2892,-0.6723,-0.9499,-10.076,-37.106,1
18.227,0.3612,-16.203,0.2276,-0.0507,-26.634,1
-18.843,0.5028,-0.3924,-18.914,0.3456,-15.312,1
0.1617,-0.9476,-0.1249,16.648,0.997,17.317,0
-0.1166,-0.5724,0.1728,-25.508,-10.216,-0.9668,1
-0.241,0.3968,-0.2131,0.0659,0.8911,15.697,1
-0.5045,-0.5512,0.3988,-0.0417,0.6332,26.266,1
-0.3752,-14.273,-0.2539,20.003,19.557,-21.952,0
0.2958,0.3458,-0.3467,0.1072,-0.448,-24.85,1
-23.456,-0.7892,-18.397,0.0551,-0.3478,-32.357,1
0.2585,-10.995,-0.2096,-17.57,-0.9312,-21.637,0
-0.2305,-10.037,-0.0374,-16.195,0.29,24.829,0
-0.2903,-13.134,-0.4139,-12.456,0.8385,14.437,0
0.8154,-16.882,-21.136,0.1784,17.844,26.233,1
-0.6448,-12.127,-0.1557,-0.78,13.698,13.952,0
-0.2526,-13.013,-0.4673,-12.544,0.4785,14.553,0
0.3694,-11.878,-0.2768,-0.7044,0.0513,-10.412,0
0.3512,-0.6716,-0.1189,0.3493,0.4789,0.826,0
0.7731,0.009,-0.9869,-10.122,29.087,0.4205,1
0.0687,0.5702,-0.2755,0.175,13.981,-15.517,1
-0.9586,-0.5679,0.3769,-33.107,-0.4401,-31.98,1
0.3331,-0.9692,-0.0979,0.4695,0.67,10.577,0
-14.659,0.3161,-0.4798,-17.055,-0.4932,-16.532,1
-0.6829,-12.428,-0.1728,-10.838,0.6547,11.657,0
0.384,-10.363,-0.426,0.8245,-0.2062,0.8872,0
-0.3408,-0.8137,-0.1955,0.0654,-22.794,-0.3864,0
0.0002,0.7174,-0.1798,0.2442,-0.2756,-30.76,1
14.688,-0.9857,-15.072,-0.9491,-0.4664,-32.659,1
0.3372,-0.7986,-0.0834,-0.9469,0.349,-14.737,0
-0.3566,-0.4022,0.5711,0.4764,0.1927,13.976,1
-0.1313,0.4864,-0.0797,17.861,-0.4753,28.393,1
-0.3261,-13.588,-0.2833,-16.113,-0.2936,14.822,0
0.7924,0.3996,-0.7903,-0.8294,13.835,0.696,1
0.2146,0.7378,-0.3842,-15.759,0.0167,0.1401,1
0.3302,-0.9122,-0.1061,-0.6504,0.0876,-15.985,0
11.373,-0.1428,-14.468,0.6345,36.434,19.967,1
0.6386,0.0375,-0.7398,0.23,-0.1755,-0.3625,0
0.2646,0.293,-0.2768,15.91,24.842,22.968,1
0.8141,0.4274,-0.8452,-0.9826,15.495,13.421,1
10.918,-0.743,-13.119,11.509,0.6882,35.998,1
-0.3985,-0.9807,-0.213,10.184,-0.4062,-17.378,0
0.2125,-0.5312,0.1441,0.6218,0.3612,0.3116,1
-20.274,0.4816,0.1305,-29.554,-14.841,-10.832,1
-0.3002,-12.524,-0.3314,18.946,0.18,-19.581,0
12.518,-0.5659,-10.991,-0.0778,-16.081,-23.973,1
-0.2833,-0.6979,-0.1415,-0.9049,-0.554,13.435,0
0.2985,-0.7172,-0.0693,0.2326,0.4321,21.009,0
-0.2338,-0.9841,-0.3727,0.1909,-0.2417,-0.3375,0
-0.5561,-11.221,-0.2792,12.017,0.1471,-29.723,0
0.284,-10.508,-0.1375,-0.1194,0.7271,0.0352,0
0.4232,-11.56,-0.474,0.7984,-0.7086,0.8737,0
0.0229,-0.4636,-0.0824,17.698,-16.91,15.259,1
-13.847,0.697,0.194,-25.198,-0.9313,-0.7255,1
15.011,-0.8688,-14.432,-13.085,-13.448,-25.945,1
0.2986,-0.9123,-0.0863,0.0615,0.9817,0.5109,0
-0.3216,-0.5729,0.0761,-13.525,-0.0307,-22.573,1
0.1964,0.6554,-0.1208,-17.729,-0.1027,0.8206,1
-10.631,0.186,-0.3017,27.319,0.9818,36.651,1
0.3584,-0.9358,-0.0663,-0.8162,0.1683,-22.499,0
0.0937,-0.8094,-0.1085,0.0058,29.149,12.397,0
-0.236,-0.8089,-0.0565,-0.5584,12.856,12.707,0
-0.2539,0.3954,-0.1887,0.8409,-0.6845,20.082,1
0.3362,-0.8296,-0.0862,-0.8409,-14.342,-21.604,0
0.2191,-0.9117,-0.1843,0.9006,0.7271,12.965,0
-0.2247,-13.514,-0.2278,14.308,0.2802,-13.425,0
-0.0996,0.8499,-0.1227,0.4017,-0.225,-22.266,1
-0.2445,-11.947,-0.2043,10.034,0.7505,-13.511,0
0.4781,-13.008,-0.1897,14.757,-10.111,35.86,0
0.1777,-0.8536,-0.1227,-0.0497,0.7048,30.108,1
-0.2648,-0.8586,-0.3226,0.114,0.4804,-0.0403,0
0.2513,-0.622,0.1004,-0.1549,11.156,16.254,0
-0.2093,-0.9181,-0.3046,0.4028,-11.017,0.0827,0
0.2566,-0.4715,-0.0902,-0.1934,0.7432,0.4156,0
0.4117,-0.9451,-0.3531,17.646,-0.9866,21.619,0
0.3519,-10.723,-0.269,-10.647,0.3281,-0.7871,0
-0.2746,-12.528,-0.3657,-14.82,-0.8945,11.367,0
-14.363,-0.5043,-0.853,-25.054,-24.053,-34.187,1
0.8216,-0.8923,-0.4451,-0.3831,-14.393,-23.556,1
0.8256,-0.2028,-11.842,-0.4732,23.384,13.067,1
0.4483,0.8469,-0.4241,-14.388,0.7059,0.3172,1
-0.4264,-14.178,-0.2046,-19.384,0.4762,18.004,0
-0.4727,-0.6899,-0.3422,0.8819,0.762,-10.52,0
-0.6441,-13.01,-0.2043,-11.435,11.38,20.661,0
0.1477,0.4612,-0.2479,-0.5105,-0.289,-29.878,1
-0.2897,-0.6657,-0.0422,-0.5394,-0.0448,12.048,0
0.7337,0.0161,-0.6511,0.4278,-16.948,-30.227,1
-0.1461,-0.8378,-0.0527,-0.505,16.749,13.714,0
0.4005,-0.7692,-0.1453,0.6868,-0.18,10.397,0
-13.92,0.2665,-0.1647,0.2985,0.648,17.936,1
-0.5843,-11.402,-0.3268,24.806,22.41,-25.373,0
0.0367,0.6553,-0.0914,-0.0083,20.494,0.5239,1
0.0913,-0.8369,-0.0683,0.6812,0.3668,0.9708,0
16.511,-11.202,-18.079,0.0592,15.715,42.547,1
0.8821,-0.3356,-11.748,-13.939,32.686,0.6732,1
28.579,-0.157,-18.661,0.6177,0.3237,-26.721,1
12.321,-0.9187,-17.82,-0.6453,-22.847,-20.705,1
22.075,-17.245,-26.82,-0.6336,0.7119,29.322,1
-0.2249,-0.611,-0.1465,-0.6533,-0.3566,0.8873,0
0.1691,-0.7037,-0.1108,10.689,10.304,15.831,0
-0.3373,-0.6734,-0.1761,0.653,0.0867,-0.9477,0
-0.5784,-13.624,-0.1778,-14.154,0.6947,10.356,0
0.2099,-0.4944,0.0417,-0.2165,-0.0028,-12.65,0
0.1874,0.5605,-0.1597,-0.8487,0.9766,-22.247,1
0.1195,0.4615,-0.1329,-0.6792,14.324,-17.186,1
0.137,-0.4849,0.1917,-0.1084,0.9048,0.0535,1
-32.642,0.7439,-0.3498,27.066,29.319,28.184,1
0.0246,0.7045,-0.1386,-0.6788,0.4107,-0.9885,1
0.2248,-0.7769,-0.0725,-18.983,0.0619,-22.325,0
0.4099,-12.976,-0.3443,0.3071,-0.6573,-0.0235,0
-0.4197,-13.995,-0.3064,15.262,0.7555,-17.023,0
0.2717,-0.7927,0.0365,-11.604,-0.0621,-27.904,0
