0.1975,0.0352,-0.5928,-16.337,-20.492,35.506
0.3602,-10.113,-0.2398,0.5965,-0.9924,15.129
-10.773,0.2448,-10.667,0.3138,11.829,37.3
-0.3338,-10.514,-0.3438,-10.032,0.4425,0.9149
-0.5771,-11.152,-0.204,-11.513,10.279,13.188
0.3542,-0.8758,-0.7023,-0.278,-0.4306,-15.748
-18.614,0.2082,-0.1866,-13.692,13.041,0.182
0.0887,-10.272,-0.2233,16.598,-0.1032,15.254
-0.5209,-13.105,-0.3206,-0.9058,0.308,0.1116
-0.294,-0.55,-0.1424,-0.0617,-0.9902,-0.6502
-0.2007,-11.955,-0.3428,16.78,10.907,-15.522
0.3033,-0.9581,-0.0282,-0.207,-0.1666,0.7459
-0.0327,-0.6229,0.0526,-10.016,-0.742,-12.56
0.3099,0.3074,-0.3506,-0.6342,0.3649,-26.091
27.391,-0.4709,-14.265,0.9148,-12.767,-39.263
-0.15,-0.9026,-0.2467,0.4706,0.3193,-0.2173
-0.5495,-0.9422,-0.4156,19.313,11.253,-33.747
0.0095,0.9769,-0.1499,0.216,-0.4919,0.363
0.0145,0.8487,-0.0292,-0.3801,0.7319,0.3692
-15.133,-0.3485,-15.163,-0.1127,15.91,23.815
-0.0776,-0.8704,-0.3344,0.8257,17.65,0.82
-17.029,0.2664,-0.0185,-24.488,0.3536,-0.4503
0.203,-12.207,-0.4626,-0.7222,-0.0884,-0.2818
-0.4133,0.1692,-0.0487,18.858,0.0539,32.442
0.1757,-0.6753,0.0665,0.9727,-0.358,18.498
0.1409,-0.7736,-0.0884,-12.9,0.2583,-12.345
0.1686,-0.9916,-0.1852,12.551,34.788,42.397
-0.5071,-0.8286,-0.2661,-0.9658,-16.826,-32.689
0.1631,-12.407,-0.2321,18.343,-0.8954,24.891
0.3987,-0.5663,-0.5748,-0.2947,-0.8669,-16.029
-0.0814,-0.7538,0.0393,0.3281,0.0905,24.934
0.8474,0.2052,-0.3391,10.105,-13.317,-36.677
0.0631,-0.5388,0.3146,0.9735,0.3756,-0.5791
0.4023,-0.6266,-0.8008,18.583,0.5924,35.171
-0.3479,-0.8787,-0.3893,0.4634,-0.0523,-0.4349
-0.2593,-0.8659,-0.3944,-0.0892,-0.3334,-0.1289
0.1665,-0.3547,-0.0884,0.3211,-0.2838,0.2707
-0.3766,-0.5559,0.2884,0.4215,-10.007,0.298
-0.3806,-0.8195,-0.2206,0.8007,0.0863,-0.948
0.5586,-0.8088,-12.548,-0.6931,-0.2912,-23.688
0.0935,-0.5046,0.2941,-0.6461,-0.6128,-17.295
-22.357,0.485,-0.0785,14.154,29.372,27.112
-0.1744,-0.9071,-0.3473,0.4156,14.956,0.0506
0.4777,-11.859,-0.1427,15.826,-26.927,39.517
-0.2677,-0.8402,-0.2716,0.1017,0.1496,0.1049
-0.0905,-12.199,-0.2355,0.9353,-15.46,-0.7236
0.2861,-10.503,-0.2447,14.335,0.4228,19.166
-10.434,0.6479,0.147,-20.976,13.553,-0.4028
0.5932,-12.715,-0.2441,-0.6652,-13.907,-14.474
0.1515,-0.4631,-0.2655,11.649,-0.5303,-0.3659
-10.445,0.7283,-0.6427,-0.938,0.9584,-13.872
0.1706,-12.462,-0.3401,-21.896,-0.333,-11.799
0.2961,-10.46,0.0645,-0.329,0.6594,-0.918
-0.1028,-0.4101,0.2359,0.2975,-0.3214,-0.7368
-0.0932,-0.8458,0.4232,15.649,0.6659,38.836
0.1,0.6278,-0.2401,-12.15,0.396,-24.397
-0.3196,-0.6339,-0.1055,-0.8766,-21.952,0.5528
15.236,-10.836,-17.216,-0.5441,-22.44,-28.692
0.1604,0.4336,-0.3217,-0.2476,0.6125,-26.979
0.3153,-0.7372,-0.0917,12.562,0.8674,20.561
0.7598,0.4199,-0.9028,-0.4666,30.745,16.259
-0.2649,-12.212,-0.4082,-0.2556,0.1884,0.3141
0.6307,0.4622,-0.7881,-0.6304,26.978,16.435
30.96,-19.61,-24.598,30.482,-24.858,35.274
-0.0212,-0.9442,-0.3093,10.214,-18.253,-0.6381
0.2043,-12.308,-0.49,-0.7871,-0.1547,-0.2538
0.4596,-11.553,-0.119,-0.7935,-20.193,-0.7845
0.2372,-10.176,-0.1142,-19.589,0.1016,-25.879
-34.01,0.6596,10.128,39.151,14.653,21.839
0.9234,-11.907,-15.091,18.305,-0.3378,26.926
-0.257,-11.449,-0.1786,-11.842,0.7858,16.954
-0.215,-0.8069,-0.1065,-11.449,0.4226,20.443
-0.2129,-0.9679,-0.1898,-10.258,0.5931,13.74
0.388,-12.886,-0.2489,-0.6163,-0.1536,-0.2326
0.188,-0.9467,-0.2555,0.4789,0.2917,0.7541
0.6425,0.1192,-0.7255,-0.1409,-0.9599,-36.85
-0.381,-13.859,-0.4009,-14.632,0.7447,15.084
0.7585,0.325,-0.9252,-13.15,37.341,10.974
-21.422,-0.4903,-11.677,-12.589,0.1765,-22.932
0.9205,-0.3608,-11.015,-0.2278,24.054,17.041
14.579,-0.5364,-0.1206,0.5175,-0.4076,0.2705
0.1819,-10.901,-0.3277,0.5269,0.2356,0.4488
0.2421,-0.7269,-0.1389,-0.7596,-0.2864,-12.766
0.4448,-0.9308,-0.0542,0.9586,0.1439,29.018
0.3923,0.2628,-0.3433,0.4755,20.116,14.273
-0.291,-0.6792,0.039,-17.019,-0.4188,-15.36
0.3501,-10.683,-0.3338,-0.404,-0.463,-0.0289
0.198,-0.9092,-0.1209,-0.0436,10.393,-0.1827
-0.3166,-0.7139,-0.1038,-0.3479,-0.6931,0.2564
-0.667,-14.642,-0.1459,0.0628,26.763,12.255
0.8378,-0.6358,-14.575,0.3344,0.6292,23.187
-0.9521,-0.7661,-0.0803,-35.3,-14.312,-29.367
21.168,-11.87,-21.147,0.6279,0.0779,34.645
-0.2001,-0.8217,-0.0704,-0.5585,10.856,18.36
18.042,-16.173,-17.734,0.2374,-14.687,28.457
0.0693,0.5936,-0.2102,-0.5604,13.24,-0.8077
-12.043,0.6865,-0.2846,-18.511,-0.1472,-19.286
-33.572,0.8579,-0.1564,31.393,-0.2965,23.43
-0.0061,-0.704,0.2546,-0.1002,-0.4201,17.426
0.5079,0.6549,-0.5888,-0.949,0.6628,-0.2068
-0.1178,-0.7492,-0.215,-0.3303,-0.2001,0.6316
40.733,-14.406,-14.376,-0.6782,-30.121,-24.96
-0.3908,-10.939,-0.4599,-0.9522,0.0968,0.071
0.4242,-0.7942,-0.2952,0.4167,0.5379,0.8102
0.2146,-11.803,-0.2327,-17.816,-13.645,-12.079
-0.2336,-11.178,-0.2327,11.923,12.065,-0.8125
27.187,-12.384,-10.052,10.745,-30.225,-35.014
-0.075,-0.8762,-0.1401,-10.292,0.0439,13.195
-0.3389,-10.228,-0.4765,-0.0658,0.9813,0.2382
-32.453,0.0843,0.3573,31.09,18.742,27.332
-23.258,-0.2257,-0.1642,20.474,0.4717,22.359
-0.1802,-0.6925,-0.2485,0.4275,-13.857,-12.866
-0.0386,0.8138,-0.1225,-0.7356,0.7739,-14.733
-0.0276,0.6086,-0.1076,13.07,-0.3244,16.869
-0.2559,-0.6867,-0.0629,-0.1306,-0.6966,-0.0306
-0.1256,-0.3575,0.1387,0.707,0.2136,-0.1374
0.3295,-0.7211,-0.0014,0.0937,11.599,19.349
0.2435,-11.508,-0.381,12.022,0.7116,23.636
-0.264,-12.032,-0.1985,12.391,0.9519,-12.915
-0.5501,0.9251,-0.1726,-15.522,0.525,-0.9265
0.014,-0.5655,0.1547,17.857,0.0027,13.615
0.4679,-0.781,-0.012,0.1878,0.4355,16.368
0.3143,-0.8704,-0.2553,0.0057,0.8803,0.1234
0.849,-0.0979,-10.146,-14.545,35.565,13.434
-0.402,-15.338,-0.3184,23.803,20.594,-28.102
-0.2414,-0.7189,-0.1097,-10.531,-0.472,0.9881
-0.6256,-15.017,-0.1332,-0.9075,0.5267,24.889
-0.1791,-0.7497,-0.0904,-16.777,-0.0701,14.491
0.0704,0.4575,-0.1135,0.6775,0.0448,23.578
0.3307,-0.8636,0.0035,0.1718,-0.5647,-31.815
-30.084,18.992,-0.0547,30.768,12.765,26.057
0.0369,-0.6058,-0.1048,0.2827,0.6418,-20.163
-0.23,-10.527,-0.4481,-0.1549,0.3152,-0.137
0.2409,0.4489,-0.0952,13.069,0.235,22.649
-0.4876,-10.66,-0.284,0.3126,0.0359,0.1335
0.5027,-0.9621,-0.3311,22.318,-0.2841,31.573
0.561,-14.271,-0.265,-21.053,10.277,-18.451
-0.4887,-13.188,-0.4503,20.407,0.261,-32.563
0.5662,-0.8312,-0.4341,13.996,-0.991,0.6632
-0.1844,0.7533,-0.171,-0.1897,0.2358,0.5246
0.2597,0.2963,-0.2779,-0.816,-0.95,-31.978
-0.0903,-0.7058,0.3171,-0.6281,-0.6172,-27.514
12.038,-0.881,-17.729,0.0117,0.7593,24.344
0.069,0.3042,-0.2313,20.254,-0.1277,27.921
0.2677,-0.8584,-0.2991,0.2442,0.222,27.624
0.3886,-10.397,-0.1651,0.3956,0.4996,12.339
-13.904,0.0119,0.2773,14.181,0.8958,12.056
-0.0347,0.6214,-0.0874,-0.366,22.331,13.873
0.5277,-0.7061,-0.1041,0.6815,0.1237,13.432
-11.978,0.5141,-0.1861,-18.568,-0.0733,-0.7942
-0.5951,-0.3561,0.1948,0.5726,0.3805,-0.6092
-0.301,-12.441,-0.2064,-15.413,21.153,0.8223
-0.0756,-0.4403,0.2,-22.046,-0.7227,-25.791
0.1551,-0.9515,-0.256,14.509,-0.0441,12.544
-0.586,-10.111,-0.2709,13.112,-0.3995,-26.386
-0.3238,-0.9663,-0.2109,0.9849,-0.3416,-17.559
-21.427,0.6956,0.0329,-24.982,-16.924,-0.8178
-0.2084,0.9001,-0.0773,-0.1999,0.4064,0.4191
-17.795,-0.0241,0.3311,20.288,0.73,14.766
24.931,-12.744,-0.9603,-30.777,15.577,18.666
0.6987,-0.7489,-0.8436,0.0846,-0.8393,-13.264
0.2635,-11.666,-0.0923,-16.483,-0.2292,-14.549
27.33,-16.83,-19.768,-0.4006,-16.42,27.539
14.546,-10.272,-11.304,-0.1433,0.3376,26.484
0.8005,0.2242,-11.232,-0.3069,-0.2549,0.5043
-0.3079,-12.804,-0.1604,-18.364,-0.3948,13.889
18.485,-0.98,-10.796,0.9031,-60.205,-29.286
-0.3132,-11.92,-0.423,-0.2428,-0.1991,0.0782
22.318,-0.5355,-14.733,-0.0871,-19.667,-26.738
-0.6618,-0.6213,0.2708,-29.534,-0.4892,-37.757
0.1046,-0.8444,0.1422,0.82,0.7006,33.916
-0.0515,-0.3383,0.2172,0.9152,0.634,-13.023
0.0611,-0.4867,-0.0324,0.9942,-0.3726,-0.7389
-0.203,-0.4699,0.242,15.973,0.3022,21.854
-16.852,0.6841,-0.4829,-18.998,-13.997,-0.6262
0.7584,-0.4546,-14.07,0.3428,20.805,18.689
0.2798,0.4239,-0.0826,-0.0941,18.561,0.3041
0.2347,-0.8974,-0.1573,-16.061,-0.7944,-18.683
0.3182,-10.02,-0.1246,-0.9178,0.5847,-21.867
-0.4624,-10.935,-0.1702,11.654,0.0643,-13.612
0.9031,0.2653,-0.5547,-0.309,-21.265,-42.571
15.455,-0.33,-13.915,0.5369,-36.413,-25.534
0.3971,-0.826,0.0345,-0.6379,-0.4343,-0.4082
0.2654,-0.8517,-0.0184,-15.828,-0.369,-13.636
0.5141,0.6515,-0.4148,-0.8821,0.8892,-0.1309
-0.2827,-12.535,-0.2999,0.9355,-0.7309,-0.6335
-0.267,-0.6189,-0.1685,0.3968,-0.9833,-13.28
0.4893,-0.9432,-0.2274,0.4728,0.9889,17.188
0.2802,-0.7614,-0.0602,-0.3227,-0.2319,-13.542
0.0339,-0.6062,0.1767,0.4303,0.3516,-22.744
-0.3,-0.6707,-0.0423,-0.9459,0.9168,19.755
0.2608,-0.9598,-0.0536,-0.9168,0.6782,-15.199
-0.0428,-0.6952,-0.4253,-0.8069,-0.7891,-25.247
0.3033,-12.415,-0.0967,-14.598,13.255,-24.258
-11.79,-0.5898,-0.2392,-20.079,-11.453,-28.73
0.8465,-0.9229,-17.514,-0.5119,24.075,18.65
-15.119,-0.6325,0.0023,-30.999,-33.346,-35.763
0.5232,-15.36,-0.2529,0.2078,-0.4802,0.2965
19.895,-10.213,-0.4164,11.22,-11.936,-21.033
16.737,-14.237,-17.03,-0.85,32.999,0.9807
-0.2029,-0.9987,-0.2207,-0.3843,-0.101,0.3465
-0.0058,-0.3515,0.3759,0.4892,-0.9732,-0.4524
0.2268,-0.9365,-0.0439,-24.332,0.1732,-20.235
-0.4818,-0.8453,-0.2281,0.518,0.2188,-0.5715
0.1746,-0.8936,-0.2514,-0.0138,-0.1415,-0.3724
0.6249,0.3931,-0.8757,-15.311,14.148,0.3614
0.3581,-0.6084,0.004,-0.1581,0.9974,0.9421
20.658,-0.3063,-19.902,0.4313,-0.5053,-26.806
-37.276,0.285,-0.3507,22.793,11.519,25.887
-0.3751,-16.975,-0.3431,-19.863,-24.759,0.9938
19.314,-0.7327,-18.736,0.5676,-0.6313,18.071
21.604,-0.7054,-17.276,-0.1344,-12.329,-38.29
-0.2914,-0.8086,-0.2442,0.3976,-32.1,-0.7567
0.5564,0.6382,-0.767,-0.9992,0.4803,11.965
-0.0894,-0.898,-0.3194,-0.2799,0.6346,0.3808
0.3339,0.8023,-0.595,-0.3809,11.046,19.427
0.2877,-0.8681,-0.0258,-0.989,0.7302,-30.737
-11.262,-0.231,0.1553,17.475,0.2278,0.446
0.786,-14.862,-0.189,-0.0128,14.542,57.19
0.2194,-0.6143,-0.0844,-0.2987,0.0663,0.0781
-0.2067,-0.9713,-0.329,0.3842,-0.0331,-0.7332
-0.4244,-0.9737,-0.1351,-0.335,21.264,18.11
-0.4655,-0.5067,0.1692,20.348,0.6264,12.309
0.7339,0.4411,-0.6254,-11.067,22.192,14.082
23.023,-0.0744,-18.616,0.052,-15.855,-28.742
0.4818,0.2587,-0.464,0.8265,-0.4826,-36.428
11.588,0.1495,-0.8612,0.7259,-16.323,-27.807
0.4175,-10.093,-0.0254,-0.265,18.116,0.6861
-0.2538,-11.002,-0.1478,-0.9983,0.361,18.902
0.3415,-12.82,-0.1083,-20.795,-0.2179,-26.347
0.4942,-13.191,-0.3857,-0.3882,-0.3098,-0.3312
-17.976,-0.2534,0.195,23.334,-0.1792,24.165
-0.3103,-14.172,-0.1999,0.869,-11.605,-23.832
0.2947,-10.321,-0.104,-0.7297,-0.5959,-14.035
-0.2379,10.645,-0.0479,-0.91,0.1283,-0.0026
-0.1845,-0.8777,-0.1091,-12.112,-0.1138,16.339
-28.567,-0.6953,0.2586,32.519,-0.1808,34.008
-0.1879,-11.067,-0.2967,22.515,0.7106,-13.982
0.0408,-0.5195,0.1968,-0.1485,31.232,-12.282
20.716,-0.8252,-19.996,-0.23,-15.257,-27.072
-0.3885,-12.049,-0.4414,-0.3491,0.6166,0.6252
0.2851,0.7801,-0.1504,0.9282,0.6346,16.637
0.7032,-0.8072,-16.592,0.024,23.109,14.951
-0.3497,-11.299,-0.404,15.066,-0.7646,-17.208
-26.927,-0.1249,-0.3374,-26.332,-20.294,-18.099
-0.4681,-12.041,-0.1366,-10.777,0.9882,12.101
-0.3308,-13.567,-0.5087,0.3222,12.042,-0.037
-0.8686,0.4164,-0.3625,0.7849,-15.744,24.044
21.331,0.7699,-16.226,10.593,-16.129,-24.278
0.0626,0.813,-0.1992,0.0299,0.4748,-15.892
0.4119,-0.395,-0.4975,-0.0665,-0.2415,-12.068
0.1294,-0.5556,-0.0305,0.5568,0.473,26.954
-0.2455,-0.9893,-0.5281,0.7396,12.338,-0.3002
-20.36,0.4444,-0.7038,-25.518,-0.5331,-23.558
19.054,-0.1691,-18.803,-0.577,-13.997,-35.38
11.778,-0.9185,-15.505,-0.5559,0.5794,19.364
-0.4408,-0.749,-0.3687,0.8518,0.5707,-0.6005
-0.3834,-12.008,-0.2168,-17.493,0.6338,11.697
-0.0142,-0.4908,0.2039,0.3553,-0.6605,-16.728
13.535,-0.0396,-18.365,-0.302,-16.253,-37.736
-26.583,-0.8517,-0.4596,-14.688,-17.367,-32.397
0.3479,-0.9108,-0.2564,17.183,0.2614,25.175
0.3464,0.5217,-0.6543,-0.4695,0.4905,0.7187
0.1336,-10.147,-0.1306,18.196,-0.2086,20.137
13.263,-0.7404,-10.994,-0.4206,0.0499,-18.747
-0.9348,-0.3782,0.2761,10.973,-0.924,-0.5447
-13.143,0.5689,-0.4003,-24.226,-14.472,-0.2278
0.1386,-0.827,0.1095,21.45,0.9262,26.48
0.2822,-10.24,-0.0714,-21.884,0.5425,-27.304
-0.2226,-0.5838,-0.0657,-0.5584,-0.2808,0.9623
0.2449,0.3718,-0.1885,-0.0536,0.0714,-35.803
0.3971,-0.6816,-0.1507,0.3885,10.058,0.5287
14.909,-0.9838,-14.32,-0.3541,-0.2723,-19.419
14.695,-0.8386,-20.977,14.811,-0.4252,34.983
10.326,-0.6934,-11.689,0.738,0.6481,-29.344
0.2123,-0.6382,-0.0782,-0.4432,0.0296,-0.8841
0.3558,-12.142,-0.4236,0.0939,-0.5179,0.2525
-0.1171,-0.4509,0.1603,0.7817,11.426,-0.2517
-0.3497,-12.28,-0.2209,-13.498,11.997,10.489
-0.5319,-11.924,-0.2691,13.927,-0.2479,-31.882
0.2082,-0.9639,-0.1378,-19.396,-0.4487,-21.886
41.664,-0.7276,-16.07,0.1225,-20.302,-14.151
-29.595,0.4907,0.229,24.224,23.91,26.098
0.6049,-13.365,-0.3541,-0.7905,-0.0729,-0.745
0.2006,0.7293,-0.3295,14.868,0.7605,15.361
-0.2202,-0.9355,-0.0906,-14.613,13.199,17.616
0.1712,-0.6597,0.072,-11.948,0.497,27.971
-0.2271,-13.489,-0.1701,0.9427,0.6047,-11.544
0.243,-0.5004,-0.2278,0.0056,-0.7518,-13.635
0.1399,-0.878,-0.1409,0.5281,22.177,0.3682
-0.2542,-11.132,-0.1453,-12.701,-0.0195,15.197
0.9077,-0.0663,-0.5337,-0.9213,18.419,0.1961
19.046,-13.146,-18.466,-29.885,14.541,-40.844
0.6638,0.4973,-0.4849,0.3149,-0.9578,-35.956
-0.2339,0.4821,-0.2036,21.379,-14.428,19.799
0.2906,-0.7018,-0.0189,-0.1343,0.7332,0.0535
0.1607,-12.169,-0.1212,-24.047,-0.5924,-11.502
-0.3266,-10.462,-0.2348,-0.9697,0.8866,0.9866
0.3268,-0.8814,0.0164,-0.7955,-0.515,-21.129
-11.958,0.2407,-0.5038,-12.148,-0.9961,-13.309
-29.672,0.0774,-0.1564,-27.419,-0.0326,-16.625
-0.9258,-0.5141,0.1901,-27.798,0.2816,-10.972
19.604,-12.197,-16.444,-17.628,-18.775,-25.766
0.2427,-0.704,-0.2487,13.509,-0.174,0.7054
0.0753,-10.051,-0.0823,-0.2884,24.838,0.2286
-21.867,0.0156,-0.0347,-23.006,-11.598,-0.3589
0.0562,-10.129,-0.1673,15.73,-0.5592,16.961
10.47,-0.5621,-11.545,-0.0205,0.2447,-24.518
-0.4324,-0.7032,-0.1867,0.3561,-0.9069,-0.4801
0.1738,-0.8293,-0.0263,-0.9536,0.7925,-0.3745
0.3416,-0.6493,0.3317,-0.5981,0.0802,-0.4188
0.2282,0.4842,-0.2358,0.5048,-0.301,0.5924
12.701,-0.9726,-10.879,0.4106,-12.664,-28.982
-15.486,0.6115,-0.3718,-15.479,0.8345,-11.301
0.4898,-11.741,-0.4457,0.5496,0.0158,0.21
-0.4329,-11.954,-0.313,0.6063,-0.6268,-11.639
-0.1641,-0.2368,0.1347,0.1756,-0.4173,-10.012
10.989,-0.2638,-13.697,-0.3943,23.049,25.753
-0.1363,0.0448,-11.464,0.6884,36.365,-0.1255
0.1874,-0.8349,-0.1595,-0.049,22.004,0.761
0.667,-0.83,-0.8775,0.7267,0.8058,34.493
-0.1794,0.8907,-0.0859,-0.2988,0.7325,14.439
-0.4478,-0.9492,-0.3195,18.029,0.5064,-27.215
11.22,0.4299,-15.201,-13.152,-0.2836,-38.881
-0.2573,-0.7577,-0.0743,-0.6095,0.4755,21.488
0.4304,-12.246,-0.05,0.6837,0.4026,23.694
-24.755,-0.2562,-0.0307,-20.489,-0.8849,-10.796
-0.272,-0.8237,-0.3959,0.3847,12.572,0.1206
-0.2313,-0.8204,-0.0941,-15.136,0.1207,19.133
-0.2561,-12.367,-0.1777,16.724,20.665,-11.243
0.3432,-0.9868,-0.2948,0.0565,-0.097,-0.067
11.871,-0.6711,-13.519,0.0403,16.939,25.864
-0.1863,-11.99,-0.2229,0.6479,-16.137,-0.5566
-0.4028,-0.6742,-0.1716,13.937,-0.0592,-22.585
-0.3629,-11.16,-0.1505,-10.989,0.4698,10.265
0.4671,-0.9693,-0.1478,0.5311,0.5,21.016
-20.589,-0.6541,0.0195,-25.965,-16.123,-43.398
0.0723,-0.7014,-0.1982,0.4801,13.126,0.6929
0.3786,-10.62,-0.022,0.4152,0.6183,16.75
0.7195,-14.755,-0.2739,-14.001,-29.182,-17.338
-0.2172,-11.668,-0.4174,-0.5024,-0.3733,0.2328
0.2579,-10.339,-0.0566,-0.4796,-0.0535,-0.5256
0.8985,-0.3241,-12.605,-0.6239,36.386,10.636
-0.3476,-0.8009,-0.1633,10.478,0.5488,-11.752
0.2355,-0.9276,-0.1119,18.238,-14.118,16.345
0.4457,-10.737,-0.1888,0.4109,0.1238,0.7852
-0.1756,-10.815,-0.2041,-20.335,-10.949,17.324
-0.2839,-11.992,-0.3627,-10.519,-0.4313,0.4063
0.8679,-0.6017,-0.6948,0.415,-0.2396,-14.58
-0.1074,0.8289,-0.2281,0.0354,0.9017,0.627
17.218,-10.82,-23.768,-11.989,-0.3229,-32.21
0.1347,-0.495,0.3026,-0.8379,-0.8024,-15.773
0.3376,-0.8509,-0.082,-0.2127,0.1975,-0.574
25.217,-16.447,-0.9059,-17.639,28.386,42.778
-0.0183,-0.9466,-0.3417,0.4988,-27.947,-0.6593
0.5184,-0.9764,-0.311,0.5907,-0.4206,0.735
0.2192,-13.369,-0.4697,0.2243,-0.1339,0.2503
0.7396,-11.12,-11.275,0.4581,11.337,-20.488
-23.7,-0.4342,0.0789,-22.726,-10.996,-12.697
-17.728,0.7491,-16.02,-0.5964,-28.573,37.641
-0.8597,0.8238,0.0462,-19.028,0.0818,-0.5166
25.272,-13.549,-0.8687,-12.171,0.7217,15.185
-0.4081,-15.482,-0.2705,16.821,20.113,-0.6879
-0.3365,-11.966,-0.386,-10.997,-0.1772,0.6759
-30.922,0.7369,0.079,24.191,15.917,20.519
-0.4262,-10.234,-0.3145,19.744,-0.217,-26.409
0.551,-0.9615,-0.3628,0.8684,-11.651,13.202
0.7298,0.5329,-0.8679,-0.7638,21.91,13.072
-0.0454,-11.337,-0.2991,0.8512,-0.8453,-0.794
0.2335,-0.6465,-0.2661,11.94,-0.7325,-10.18
0.4746,-0.866,-0.4564,0.1589,0.882,0.2194
-0.2834,-0.4094,0.4989,0.8027,-0.3577,17.116
-0.409,-14.317,-0.4546,-14.612,-0.5384,0.635
-13.918,0.4535,-0.602,0.1701,-13.066,0.6549
-0.0003,0.6052,-0.3766,-12.848,0.8919,-0.2633
-30.485,0.0379,-0.5016,-18.78,-16.858,-21.027
0.3828,-0.8131,-0.2255,0.5232,0.4848,12.908
0.2448,-11.504,-0.2041,0.0235,0.0718,-0.0794
0.418,-13.2,-0.1151,0.5186,0.0033,27.881
-0.2474,-0.7965,-0.0522,-0.9366,0.6062,12.704
0.2605,-0.8455,-0.2902,15.355,-0.1754,17.774
0.3893,-12.706,-0.2384,-10.528,-0.5443,-11.551
0.5679,-12.308,-0.4439,-0.5268,-15.126,-0.8688
0.1122,-0.4613,0.0018,22.166,-0.8779,0.9021
-0.1147,-0.9757,-0.225,0.5587,-12.919,-0.2313
0.0119,-0.5083,0.2013,-11.112,0.0569,-12.808
-10.049,0.5764,-0.3237,-22.681,-0.5608,-0.8188
-0.2716,-0.6705,-0.1547,-0.3364,0.387,11.558
25.574,-0.7985,-18.587,0.0166,-17.942,-30.697
0.344,0.4142,-0.1675,0.7323,-0.0345,14.363
-10.134,-0.2479,0.1267,22.758,0.3014,-0.0688
-0.2938,-0.6139,-0.0694,0.15,-0.5238,-0.2131
-29.23,-0.3914,-0.5507,-12.53,-16.159,-45.158
0.3764,-13.551,-0.1213,-0.4486,-20.089,-14.094
-0.222,-0.9558,-0.1934,-17.839,0.2562,19.034
0.369,-13.382,-0.2733,-0.65,0.1113,-0.7741
-0.5093,-0.5101,0.4648,12.852,0.2465,21.87
0.2393,-10.013,-0.2122,0.9347,0.5276,0.9845
0.3173,-13.401,-0.3176,-0.9429,0.0115,-0.4896
-0.2451,-0.6224,-0.2655,0.6413,-0.8104,-0.7206
-0.2515,-0.6094,-0.1178,0.1144,0.4038,0.334
-0.7739,-0.6001,0.4502,15.142,0.5767,-0.3227
0.2149,-0.7401,-0.2934,0.8483,15.017,0.6457
-0.7487,-0.2859,0.0915,15.424,-0.2895,0.5254
12.619,-0.491,-0.9353,0.8078,-0.8896,-12.466
0.3438,-0.8041,0.0713,-10.285,-14.204,-15.364
-25.511,-0.6628,-0.7827,-12.672,0.0371,-25.608
0.4875,-11.508,-0.1367,0.7497,0.0109,28.096
-0.1252,-0.1841,0.3449,11.87,10.918,15.217
0.6552,-0.7874,-0.2687,0.8422,0.2625,32.683
-0.2435,-11.375,-0.2982,-15.065,-11.576,20.92
11.758,-0.9534,-0.8019,0.2289,0.8234,-13.319
0.6262,-0.8109,-0.3159,0.712,-0.9682,0.7869
-14.519,0.8173,-0.1843,-21.212,0.5304,-0.3126
-0.6142,-0.7267,-0.2651,0.7873,0.3965,-0.8983
0.2104,-0.812,-0.2472,0.8409,0.4859,18.031
-0.2816,-0.7392,-0.1033,-0.2912,-0.1971,0.6769
0.4227,-10.494,-0.2524,0.3673,-0.3952,0.0924
16.529,-10.9,-16.798,-12.204,-10.135,-41.037
-0.3711,0.0516,-0.4289,-0.0276,-20.401,-0.867
-21.124,0.1761,-11.144,-26.114,-45.702,-22.305
0.3227,-0.9788,-0.3065,19.147,-0.3045,20.535
-0.4745,-12.115,-0.123,-11.514,10.654,20.289
-25.2,0.1236,0.1577,-31.587,-14.312,-28.961
-0.659,-0.5422,0.1703,-26.973,-25.571,-32.732
-0.4694,-11.592,-0.3601,15.635,-0.082,-27.797
0.3517,-0.6681,-0.6452,11.906,0.2256,-14.242
0.3171,0.2231,-0.7441,-19.412,-0.7364,-29.452
-0.6299,-12.903,-0.1271,-0.9069,0.3261,20.579
17.999,0.2722,-20.189,-0.4627,-0.9721,-17.663
0.3016,-0.6802,-0.1803,0.9199,0.7199,0.0874
0.2343,-0.802,-0.2348,0.6363,0.9191,0.5365
0.1347,-12.776,-0.2313,-18.967,-15.201,-11.382
0.4047,-0.901,-0.2468,0.9338,0.5182,14.991
0.2971,-14.681,-0.3519,-0.7117,-0.3437,-0.6644
-0.337,-0.7119,-0.0975,0.0868,-0.5775,-0.452
-0.2376,-0.5643,-0.1643,0.2234,0.2206,-0.1386
0.5843,0.2721,-0.7671,-0.3439,-0.2687,-27.151
-0.1564,-10.755,-0.1062,-12.473,12.566,16.545
0.3386,0.2696,-0.5117,0.2869,-0.6759,-35.442
-24.94,0.8393,-0.2074,0.1666,-0.4282,-12.861
0.3088,-0.7663,0.0508,0.3113,0.2512,10.143
-0.3634,-0.7246,-0.1781,0.3472,-0.3886,-0.7455
0.5603,-10.753,-0.4059,-0.4331,-13.566,-0.8724
0.2574,-0.748,0.0496,11.024,0.6591,35.144
0.1181,-0.7782,-0.2943,0.5596,-0.3296,43.139
-26.171,-0.4206,0.0203,-28.478,-12.364,-15.873
0.3016,-0.8512,-0.0746,-11.153,-0.3731,-19.046
-0.3087,-14.614,-0.3759,-0.0792,18.82,0.6251
18.023,-0.0984,-11.641,12.692,-25.413,-27.454
0.2899,-0.8105,-0.2432,-0.0042,-0.6976,-0.7001
-0.3878,-0.5931,0.2245,-0.6679,0.3125,-19.446
-0.0369,0.679,-0.2025,0.0307,-0.095,-22.414
-0.0883,-0.4023,0.2126,17.476,-0.4211,12.223
0.4384,-14.358,-0.2393,-16.234,16.171,-19.919
27.18,-14.288,-21.677,0.592,-18.561,29.946
-25.396,-0.9156,-0.1464,-26.394,0.2007,-21.226
0.7544,-0.8009,-0.7535,0.4774,0.2031,-12.76
0.4894,-10.215,-0.3486,14.82,-0.4571,19.594
0.2654,0.4084,-0.317,-0.2165,0.1924,-18.156
-0.2301,-0.6792,-0.1028,-14.99,0.4707,23.302
0.703,-0.6751,-0.3941,0.7367,-0.5257,-16.307
-0.0223,0.8694,-0.1269,-0.7663,-0.212,-0.5438
0.5127,0.4294,-0.4712,-0.2918,-15.437,-44.468
0.3217,-0.5957,0.0824,-0.8759,-14.473,-13.351
-32.193,0.5289,0.0203,-28.708,-12.568,-0.9071
0.3683,-12.661,-0.1006,-18.532,10.374,-31.052
0.1814,-11.72,-0.3774,-0.4696,-0.5776,-0.221
0.8185,-0.2339,-13.05,-0.9053,34.23,14.029
-0.481,-0.7336,-0.3667,0.7704,-0.5706,-12.908
22.639,-0.9307,-16.918,-0.0492,-0.4785,-29.683
0.8481,0.0824,-10.179,-0.5094,27.366,22.776
0.8879,-0.5968,-14.068,-10.037,18.45,10.921
-0.1967,-0.7089,0.2428,-16.509,-10.89,-11.505
0.6068,-0.9573,-0.276,10.765,-17.056,12.621
-13.9,0.6656,-0.1467,-16.252,-0.2514,-10.311
0.2868,-10.843,-0.0141,-0.6166,-0.9909,-0.6519
0.3132,-0.6933,-0.0312,-0.1617,-0.3221,-23.276
-0.4006,-10.425,-0.1955,13.283,10.499,0.3246
0.3277,-0.697,-0.0124,0.0566,0.4209,0.6766
0.1287,-0.9102,-0.1812,20.152,-0.3234,0.8522
-0.7082,-0.3165,0.1042,15.688,-0.0075,-0.3692
0.5019,-0.8528,-0.7257,-11.271,22.465,-35.688
0.2102,-0.8407,-0.0808,-19.472,-10.013,-25.278
0.172,-0.757,-0.0573,-10.316,-0.3023,-21.453
-0.4626,-13.714,-0.2554,-0.9257,0.8842,0.4949
0.3907,0.5015,-0.2714,-0.0608,-0.7013,-34.074
0.2867,-0.8919,0.1117,16.439,0.2965,22.11
0.0314,0.2861,-0.1309,13.181,0.1773,28.43
-0.5506,-11.696,-0.525,0.203,14.709,-0.1383
-0.2939,-0.9824,-0.3698,0.653,24.911,0.0115
0.1316,-0.8315,-0.0401,-17.332,-0.5535,-15.071
-0.2645,-0.6517,-0.1591,-0.3198,0.8486,0.9775
-0.3187,-0.7703,-0.2826,-0.155,-30.31,-0.1885
-12.846,0.5351,0.0195,-14.958,-0.2591,-0.7019
10.501,0.0616,-0.812,-0.183,-10.194,-35.885
-0.3916,-0.8934,0.1177,-13.836,-10.217,-37.936
0.0065,-0.5338,0.2224,-14.427,0.1717,-0.7753
0.5083,-11.022,-0.2104,-0.411,-11.208,-12.604
-21.198,10.101,-0.3001,29.432,13.188,33.916
-12.632,0.3769,-0.1719,-17.079,0.7227,-0.2934
-0.1078,-11.578,-0.2805,0.9048,-0.5419,-0.1012
-0.746,-0.4872,-0.1411,-12.871,-21.962,-40.161
-12.506,0.4498,-0.2068,-26.217,-22.518,-13.002
-0.2666,-0.9708,-0.0423,-0.7247,11.461,12.52
-0.4514,-0.8905,-0.4615,0.3101,10.918,-0.1403
10.289,0.2794,-11.059,-0.5468,17.863,30.721
-0.3112,-0.7392,-0.2483,0.3583,-0.7784,-0.1969
11.071,-11.991,-15.825,15.338,0.803,43.522
-0.481,-10.937,-0.3478,18.433,0.5222,-21.611
-0.3773,-10.716,-0.1059,-12.6,11.917,21.285
0.0824,-0.8873,-0.0847,-20.571,0.4985,-17.379
-10.941,0.0885,-0.0462,0.6196,-0.0317,26.235
0.7851,0.5423,-0.6361,-13.962,14.654,0.9246
0.239,0.6574,-0.2874,-0.6985,-0.2096,-27.345
-0.1699,-10.004,0.1616,12.194,0.0174,-21.996
-0.2034,-0.8607,-0.0618,-10.711,0.1068,21.622
0.2179,0.5968,-0.2364,-12.253,0.6986,-21.166
10.32,-11.441,-0.81,13.322,-0.8593,-14.95
-0.3075,-0.9426,-0.0147,-0.8572,16.7,26.872
0.7737,0.629,-0.9115,-0.7204,14.904,15.675
-15.955,-0.8037,-0.83,-14.804,-14.715,-26.968
-0.2653,-0.5982,-0.1039,0.4722,0.4299,-0.0182
-0.3609,-0.3026,0.0741,0.5111,10.678,-0.3701
0.2065,-0.8436,-0.0443,-0.248,0.1859,-0.6157
-29.903,-0.6536,0.2426,-27.195,-0.5876,-17.116
0.3323,0.3609,-0.393,-0.5179,-0.0405,-37.667
0.0272,-10.056,-0.231,18.809,0.7204,-0.8302
0.7202,-0.6176,-0.6897,-0.8687,-0.7033,28.552
-0.8065,-0.3717,-0.0614,13.685,-0.7809,12.279
-0.2391,-0.6838,-0.1179,-0.263,10.522,0.2115
-0.2467,-0.8052,-0.1913,0.734,0.0318,-0.6821
0.2506,-0.5701,-0.835,0.1991,-0.5078,-14.642
0.4841,-10.278,-0.2558,-11.193,0.1109,-14.131
0.1062,0.4772,-0.29,12.11,-14,30.776
-0.2445,-0.61,-0.0776,-0.9029,-0.4313,18.335
-18.327,-0.4929,-0.4169,0.711,17.824,24.631
-20.2,0.1325,-0.1795,-17.653,-13.388,-0.9213
12.955,-11.109,-0.9863,0.6492,11.869,39.817
0.2093,-0.7097,-0.164,0.2603,22.072,12.252
0.2708,-10.238,-0.121,0.9312,-0.2154,34.747
-0.4439,-10.669,-0.5139,0.7693,0.8618,-10.527
-0.8142,-0.6914,0.3243,-25.92,0.4613,-35.491
-16.879,-0.1405,-0.4585,16.033,10.102,18.919
22.318,-0.8134,-18.634,-0.298,-18.076,-32.977
-0.0382,-0.6245,0.104,-0.1001,-24.223,-25.026
0.2603,-0.8762,-0.3484,0.0868,0.8965,-0.0517
-21.126,-0.7276,0.0469,11.519,-15.695,19.942
10.532,-0.4813,-12.144,-14.931,21.154,0.7939
0.4946,-12.142,-0.1963,0.7827,-10.439,25.927
-0.1293,0.8237,-0.1189,-0.8202,0.7696,-13.362
-0.3708,-0.8098,-0.3398,0.6487,0.0417,-0.4535
0.2509,-0.7682,-0.1666,-0.0613,0.0026,-0.393
-0.5516,-11.327,-0.4315,14.404,0.0276,-21.524
0.3593,-0.9869,-0.2414,-15.319,-15.946,-15.241
-0.1206,-0.9099,-0.2784,0.6794,-26.508,-0.4012
0.2546,-0.687,-0.2052,0.0555,0.033,-0.0461
-0.4028,-10.186,-0.2787,20.895,11.33,-22.194
0.2753,-0.648,0.2515,0.7213,0.239,-0.633
0.3906,-11.006,-0.1456,0.7906,-0.2511,15.729
-0.207,-0.5845,0.2696,0.9288,-0.1601,19.718
0.2762,-11.667,-0.1004,-0.8416,0.0913,-20.647
-0.5859,-0.8424,-0.3436,0.9267,11.155,-0.3732
-0.42,-11.441,-0.2124,-0.7258,14.734,12.961
-0.6561,-10.839,-0.2193,11.421,-0.1074,-31.963
0.0947,-0.903,-0.0725,-20.176,-0.4951,-24.277
-0.2781,-0.4955,0.6059,0.9522,-0.5662,0.1938
0.3686,-10.137,-0.2101,0.4998,0.1027,12.992
-0.4356,-11.89,-0.1456,-10.864,15.533,15.873
0.0181,-0.449,-0.2386,0.7933,-0.74,-10.606
-33.663,15.735,-0.1272,29.316,-0.9308,21.923
-30.594,-0.8555,0.2771,16.815,-0.2399,17.291
36.163,-15.506,-15.636,-10.926,-13.585,-33.903
0.4456,-11.851,-0.2853,-14.443,-0.9569,-16.286
-0.4231,-11.816,-0.2776,12.467,-10.037,-12.681
0.3612,-0.9532,-0.1943,0.7713,0.5334,16.73
-0.4183,-0.8279,-0.3468,0.8112,16.017,-0.1391
0.2739,-0.7176,-0.0373,-0.9085,-0.1017,-18.05
-0.091,-10.262,-0.2481,0.8643,-0.6749,-0.171
0.3372,0.3118,-0.3382,0.1861,19.766,-31.887
-0.0808,0.6833,-0.0987,-0.5049,-0.3186,0.1845
0.6798,0.0723,-0.5829,0.3932,0.0353,-0.1467
0.4529,-12.485,-0.4656,-0.7531,-12.146,-0.8033
-0.1038,-0.5306,0.1674,15.465,-13.15,10.793
0.4593,-0.8855,-0.2483,0.7773,-0.9135,0.3731
0.6492,-0.8521,-0.4803,0.9739,-0.5246,29.182
23.972,-0.9801,-17.641,0.1919,-10.927,-38.312
0.0815,-10.094,-0.1026,13.011,-18.606,13.235
22.504,-0.6616,-12.506,-11.183,-0.8545,29.637
0.4718,-11.078,-0.219,10.751,0.0079,32.752
20.69,0.0839,-12.788,-0.7852,0.8441,-38.317
-0.1531,-0.7208,0.2452,-17.513,-13.086,-17.407
0.0256,0.9785,-0.1447,-0.0993,-0.638,-16.04
0.1877,-10.038,-0.2224,0.5897,14.445,16.425
-0.9345,-0.2486,0.2278,21.072,-0.4345,0.8289
-0.1127,-0.5986,-0.0497,0.3577,-24.206,0.7299
-0.2912,-10.579,-0.3358,-0.0172,-0.1499,-0.0463
-0.7027,0.6634,-0.1673,-18.011,0.7607,-0.3811
0.355,-0.4238,0.1856,-12.676,-0.5532,-10.407
-0.3091,-12.474,-0.2626,12.112,-0.6416,-14.519
-0.1718,-0.6743,0.1045,-20.144,-17.2,-24.625
22.58,-0.7974,-0.8766,0.5257,-20.21,-30.03
0.6738,-0.7823,-0.3441,0.9259,-15.934,-0.2086
-0.3246,-11.664,-0.3133,11.633,12.394,-12.793
0.0305,11.305,-0.2671,-0.5015,0.0452,-0.1154
0.7288,0.1269,-0.6807,-0.8886,24.464,0.4185
-12.814,0.4183,-0.359,17.816,-0.31,29.864
-0.2554,-11.63,-0.2122,-0.659,14.116,14.727
0.1327,-0.5613,0.0997,-0.2765,-0.2593,-15.975
-0.2416,-0.8803,-0.0322,-12.176,0.0182,19.071
0.3209,-0.9397,-0.073,0.5927,0.8589,0.8571
0.3627,-0.8385,-0.1954,0.8778,21.889,12.563
-0.0597,0.8702,-0.3736,-0.9946,0.3757,-10.087
0.7356,0.1325,-12.222,-11.125,0.5758,-37.605
0.5723,-0.8887,-0.3089,13.533,-0.8673,38.961
0.1624,-0.8657,-0.0578,16.341,-0.3204,22.537
0.1248,-10.342,0.0233,-0.2375,-0.0394,-0.3203
0.2621,-0.6824,0.1284,-0.5516,-0.0691,-0.5916
0.2857,-0.8734,-0.0611,-16.64,-10.037,-25.706
0.3727,-13.788,-0.3351,-13.176,-14.933,-11.071
-0.3779,-0.2773,0.2744,-0.1026,-10.239,-0.3919
-33.182,-0.6805,-0.7103,-15.158,-0.76,-25.208
-20.114,0.5793,-0.293,25.124,17.021,21.596
0.299,-11.86,-0.3304,-0.6397,-0.3884,-0.182
-0.2785,-0.7125,-0.2672,0.5018,-0.8661,-0.2297
0.1658,-0.6196,-0.1646,0.4441,14.185,0.6422
-0.195,-0.7387,-0.1128,-14.619,0.7048,17.195
23.471,-0.4937,-11.664,-0.8082,-28.901,-23.12
-0.2923,-0.9064,-0.0973,-0.8654,0.7147,19.17
0.5406,-15.056,-0.2643,-22.195,-0.2653,-17.348
16.547,-14.144,-18.263,0.7572,0.2093,38.738
23.773,-15.009,-22.068,-0.1783,-0.0087,27.028
-19.559,0.3926,-0.282,-17.88,-0.7502,-24.85
15.037,-18.681,-22.666,10.655,21.819,31.535
-0.239,-0.8315,-0.1008,-0.9623,16.303,20.793
-0.5826,-0.9284,-0.4719,0.5336,23.078,-0.1584
0.7868,-0.6942,-13.589,-12.095,-0.4746,-24.247
0.4061,-0.9837,-0.3423,15.703,-10.004,28.789
-0.0503,-11.391,-0.232,0.4904,-16.661,-0.8691
0.1828,-0.8337,-0.0752,-10.932,-0.0614,-0.9205
-0.4781,-0.6964,-0.3372,0.4801,0.6154,-0.2584
-13.864,0.5416,0.175,-26.262,-0.1881,-0.9828
-0.4052,-11.993,-0.2831,-10.143,0.4665,16.146
0.6541,-0.9303,-0.231,0.0879,-0.6524,0.8965
0.2855,0.7896,-0.3538,-11.664,0.6078,0.8698
-0.1809,-0.8532,-0.2711,-0.311,-23.309,0.019
-0.3091,-12.299,-0.2195,-0.9838,-0.233,0.5088
-0.3845,-11.69,-0.1332,19.356,19.243,-13.302
0.2675,-0.818,-0.0993,-0.1764,11.219,0.4365
0.6684,-0.8102,-0.8226,0.6069,0.4479,-13.818
-17.257,0.0655,-0.3509,0.0963,-0.2299,0.8897
0.0304,-0.8988,0.1418,0.931,0.4566,35.905
0.1435,0.7319,-0.2418,0.2809,0.7343,14.129
19.626,-0.8856,-11.864,0.5027,-20.722,-26.498
-0.3815,-10.353,-0.4651,0.9954,16.799,-0.8946
0.1129,0.3147,-0.4418,0.9405,-0.3849,-42.209
0.2336,-0.7141,0.1025,-0.976,0.0288,-21.342
0.4933,0.2128,-0.8835,-0.6899,38.532,11.497
0.4113,-0.8617,-0.2616,0.57,19.067,15.606
-0.0339,-0.7308,-0.3039,-0.0831,-14.135,0.184
0.3141,-10.795,-0.097,-12.24,-0.5218,-0.9701
-0.4391,-11.206,-0.2385,-0.7278,-0.5311,13.283
-35.042,0.2345,0.2622,28.865,11.012,27.114
-13.355,0.5306,-0.3526,-0.6826,-19.208,-0.1889
-0.5719,-11.857,-0.0927,-0.5035,0.3044,11.973
0.032,-12.05,0.0346,-0.3002,-0.7791,-0.8858
0.3865,0.4098,-0.3341,-0.2149,-0.6163,-30.855
0.4702,-10.241,-0.1019,0.4181,0.4876,26.284
0.4763,-12.545,-0.1821,-0.0447,-0.4302,0.2904
18.992,-0.8789,-13.212,23.938,-36.807,46.457
-14.002,0.3022,-0.7222,0.7867,-0.738,31.576
0.3761,-12.494,-0.3804,0.3513,0.1662,0.4644
-0.1211,-0.7411,-0.2596,0.6725,-25.651,-0.5489
-0.325,-10.913,-0.2611,-10.245,0.8968,10.705
-0.3783,-0.6955,-0.1761,0.2904,-0.6006,-0.8837
0.3519,-0.7972,-0.0915,16.617,0.4971,14.047
0.2915,-0.8525,0.0557,-18.363,17.215,-22.609
0.3945,-14.108,-0.3434,-0.2959,0.6531,-0.3557
-0.6323,-0.7997,-0.3316,0.4982,-32.325,-0.878
0.5023,-0.7417,-0.3634,0.2324,15.498,0.524
-18.651,-0.0163,-0.0662,25.786,-0.1044,21.021
0.204,-10.252,-0.0965,15.087,0.966,21.007
-0.3814,-13.81,-0.2906,-17.106,-12.685,10.925
0.1901,-0.8557,-0.0714,-20.105,0.0648,-14.862
0.2577,-11.215,-0.1422,-0.7912,-0.422,-12.108
-26.094,-0.4756,0.4087,-26.911,-12.543,-36.162
0.0457,-0.8063,0.1693,12.767,0.7476,11.467
-0.5783,-0.6396,0.4216,0.5365,0.6621,-0.2858
-0.3819,-0.7146,-0.3706,0.6423,-0.0372,-0.5105
0.0732,-0.5983,0.1272,0.1771,0.5233,-0.846
-0.4873,-0.8374,0.0479,-0.48,0.0928,22.827
0.166,10.072,-0.5045,-10.622,-0.5298,0.201
25.371,-12.865,-15.409,-0.0656,16.302,46.384
0.0674,0.7143,-0.2322,-0.653,-0.3498,-22.298
-0.1098,-10.251,-0.3335,10.425,-0.9248,-0.4474
0.7403,0.6689,-0.6147,-11.805,0.3306,0.6784
10.054,0.0417,-12.246,-0.1621,21.069,24.6
-0.644,-0.3828,0.1673,-0.676,-0.5755,-22.529
0.3432,0.5985,-0.5958,-0.6332,0.4235,0.2641
0.4865,-12.143,-0.1782,-0.5282,-0.8162,-0.6073
0.7287,0.3927,-0.6195,-0.5422,0.2952,14.635
0.2188,-11.3,-0.2836,-13.159,0.4329,-0.6702
0.1902,-0.6204,0.0757,0.131,0.407,33.174
0.4659,-0.8563,-0.2237,0.658,18.447,0.7979
-0.5966,-13.701,-0.2567,14.755,0.0982,-28.462
-0.2818,-0.8922,-0.3292,-0.1472,-0.2785,0.1996
0.3385,-0.8659,-0.282,20.378,-0.7461,26.394
0.2946,-0.7958,-0.0177,-0.5838,-0.5035,-15.943
-0.2813,-12.716,-0.211,-17.448,0.1543,16.893
-0.6181,0.6028,-0.0877,-21.871,0.7976,-10.076
0.266,-11.103,-0.055,-20.017,0.0493,-22.105
-0.448,-10.42,-0.2225,0.8848,-0.0201,-14.518
-0.1642,-11.776,-0.1423,-14.592,-0.2684,11.561
-0.2962,-0.3839,-0.2488,0.1923,-0.7915,-10.976
-0.4502,-10.903,-0.213,-0.5526,0.2763,0.4899
0.2651,-0.7876,-0.2454,12.861,16.707,14.102
0.9548,0.2207,-0.972,0.1728,-13.714,-23.847
-33.116,17.181,0.2253,30.376,0.7972,19.629
0.2996,-0.9169,-0.1006,14.542,0.3743,37.919
0.202,-0.906,-0.3105,16.424,10.05,12.251
-0.0247,0.3828,-0.1788,17.419,-12.447,37.516
10.757,-0.923,-13.354,19.268,-27.548,31.444
-36.588,0.3843,0.4957,23.622,11.431,23.49
-0.5157,-11.489,-0.2297,24.731,17.062,-11.125
14.417,-15.4,-24.404,0.2804,-0.1201,19.318
0.3086,0.7586,-0.3885,-0.9753,0.6148,0.0799
-0.1471,-0.8768,-0.2724,-0.4765,13.891,0.5281
0.2505,-0.7587,-0.0564,-0.0684,0.6865,0.9003
0.5826,-17.704,-0.4164,-0.5595,-18.681,-0.4315
-0.4716,-0.5881,-0.143,0.7189,-0.1237,-0.6668
-0.2205,0.2985,-0.3168,0.8007,-0.1275,32.307
-32.3,0.9474,0.4262,26.011,0.024,0.8487
-11.429,0.6911,-0.0842,-18.643,-0.6094,-0.4532
-10.761,0.3212,-0.5424,-26.219,-18.759,-0.5457
0.3813,-0.891,-0.1983,0.8805,0.5996,12.937
22.44,-0.3016,-15.461,-0.2426,-0.5483,-26.871
-0.1898,-0.9418,-0.2299,0.7681,34.997,-0.1422
0.277,0.3262,-0.303,-0.8377,-0.165,-25.681
-0.3128,-0.7832,0.2579,18.161,-0.5246,-0.4284
-0.5424,-0.5842,-0.104,-0.6022,-22.216,-14.119
-0.1106,-10.063,-0.3259,16.764,0.3667,-0.813
-0.1101,-0.5818,0.2179,-29.391,-0.4134,-19.733
0.5528,-0.9377,-0.1068,-0.1839,-0.3567,31.348
0.5086,-0.3592,-0.4118,0.3255,-23.705,-10.89
-38.334,0.6942,-0.2982,18.746,22.929,32.888
-0.1722,-0.6868,-0.1261,-15.402,-0.2573,18.38
-0.1876,0.4225,-0.1912,13.436,-0.7831,32.546
-0.5825,-0.7578,-0.2454,0.5707,0.8423,-0.5958
0.5822,0.2194,-0.674,-0.665,0.0926,-32.442
0.4707,-0.7504,-0.3132,0.6126,-13.814,0.7856
0.4611,-13.531,-0.2265,-21.284,-12.732,-24.039
-13.885,-0.0452,-0.1044,14.875,-0.6795,17.178
-0.2676,-0.8424,-0.0969,-15.263,0.771,20.789
-0.2223,-0.9945,-0.1332,-13.951,0.3645,10.793
0.2536,-0.652,-0.2278,-0.1086,12.85,0.2699
-0.3322,-0.9123,-0.2226,-16.146,-0.8124,24.567
0.5238,-10.688,-0.1631,12.09,0.2615,19.725
0.3205,-10.947,-0.1424,0.9812,0.1237,15.915
-0.2573,-0.547,0.209,19.594,0.9286,-13.455
10.597,-10.243,-10.964,0.3335,0.3985,39.353
16.628,-0.626,-14.932,-0.426,-0.7056,-30.76
-0.3645,-0.7692,-0.3604,0.919,21.181,-0.573
-0.492,-0.9067,-0.3591,18.288,-0.6053,-34.655
0.1245,-10.104,-0.1411,14.487,0.9036,13.888
-0.1884,-0.7484,-0.0932,-0.7634,-0.1338,11.118
-0.2936,-10.55,-0.0482,-13.55,0.862,13.997
-0.4482,-12.729,-0.1067,-0.9527,0.7149,15.442
0.2662,-12.749,-0.0944,-17.145,0.8419,-46.722
0.0599,-0.7635,0.2378,18.32,0.8346,24.445
25.054,-0.8501,-11.681,-0.2133,-0.9959,-27.783
-0.3043,-10.621,-0.0672,-12.398,0.5332,12.387
24.301,-0.9286,-19.713,-0.1979,0.8998,25.368
-0.2138,-0.8683,-0.367,-0.0406,0.3541,0.2026
-0.2241,-0.6862,-0.0947,-0.5554,0.0124,13.299
-0.3368,-0.5206,-0.1408,-0.0222,-0.6796,-0.4305
0.4087,-12.56,-0.329,22.063,-18.606,19.024
0.2087,-13.438,-0.3395,22.684,-0.273,28.332
-21.601,-0.3994,0.1596,25.16,13.119,14.554
0.2093,-0.4385,0.2253,-12.993,-0.6412,-19.101
-0.5425,0.7533,-0.2125,-0.7444,-0.2268,0.0366
0.5596,0.0111,-0.5632,0.0168,0.031,0.0379
-0.2603,-0.928,-0.4113,0.6324,0.3145,-0.476
0.3123,-0.8343,-0.0007,-0.8562,0.045,-0.955
22.286,-0.4827,-17.097,-0.1848,-16.677,-28.799
0.248,-0.9045,-0.0804,0.7526,0.984,0.9185
27.251,-0.274,-28.184,0.2039,0.2356,-25.22
-0.1911,-0.7436,-0.1362,-0.5147,-0.5773,0.6143
-27.131,-0.0009,0.2296,26.47,0.5868,24.255
-0.396,-10.063,-0.2335,13.683,-0.5163,-24.227
0.4245,-11.086,-0.3813,0.3806,-13.172,0.109
0.0245,0.948,-0.1412,-0.8797,0.3112,0.7909
-0.6182,-12.289,-0.2356,-11.9,11.321,16.671
-33.656,0.0945,-0.2939,21.918,20.405,32.077
0.396,-10.374,-0.0421,0.106,10.558,13.089
0.4345,-11.576,-0.1143,-0.8211,-0.4528,-16.604
0.3566,-10.203,-0.216,-13.544,12.843,-10.706
-21.35,0.0526,-0.8273,-22.147,-0.6326,-17.254
-0.3074,-0.9675,-0.1944,0.7567,-0.3229,-0.7841
-0.4666,-10.42,-0.1173,-0.9381,0.8187,16.536
-0.4041,-10.418,-0.2069,16.455,13.656,-19.187
0.1886,-0.8884,-0.2286,15.697,0.6375,14.089
0.9965,-0.0649,-0.805,-0.0739,-0.9546,-41.353
0.6179,0.2784,-0.579,-0.238,-0.8505,-32.615
-0.3073,-12.06,-0.2586,-0.6221,0.0205,0.0944
0.7719,0.0825,-10.435,0.0691,17.351,17.466
-0.4896,0.4451,-0.6624,-10.285,-37.413,10.382
-0.2078,-0.3439,-0.118,-0.2485,-0.5442,-0.0268
0.3461,-0.473,0.3932,0.3853,-0.2671,-10.454
-0.4006,-0.6529,-0.2737,0.1787,-13.419,-0.3851
0.3671,-10.5,-0.264,-0.9076,-0.6775,-12.17
-0.2467,-11.69,-0.2775,-0.5929,0.4063,0.6823
-0.5107,-0.8948,-0.3237,0.9076,-0.2267,-0.8096
18.648,-10.693,-18.497,-0.2762,-16.565,-24.852
-0.5993,-0.579,0.2173,0.8706,-0.5875,-0.2691
0.3511,-10.098,-0.1453,-0.1576,-16.78,-0.3645
0.3488,-14.142,-0.3093,13.643,-0.1264,26.648
-14.079,0.0832,-0.503,-25.262,-30.698,-13.586
0.3469,-0.7391,-0.1456,0.708,0.4355,20.257
0.2224,-0.4152,-0.0995,11.157,0.6017,10.874
0.1488,0.5103,0.0162,13.087,-0.0016,42.091
0.3827,-12.295,-0.4069,0.3713,-0.4488,0.2811
0.5143,-0.9939,-0.643,11.818,0.7722,36.698
13.465,-0.7316,-0.9828,0.7376,0.1991,-31.729
-0.0677,-0.7764,-0.3115,0.4657,-21.486,-0.397
-18.98,0.4202,-0.2267,-21.795,-0.3586,-10.212
-0.0324,-0.7176,0.2231,-0.258,0.3697,22.99
-0.356,-0.9821,-0.1623,-0.7511,11.044,15.671
0.1408,-0.6321,-0.7211,0.8305,0.2036,-14.661
-0.3009,-0.6585,-0.0685,0.1953,-0.8688,-0.2048
-0.3628,-0.984,-0.1631,-0.9763,-0.2229,17.556
-0.4139,-0.374,0.0864,12.275,-0.7272,0.3808
0.2557,-0.818,-0.0835,-0.5541,-0.8198,-14.959
-21.664,0.1265,-0.5681,-23.669,-17.19,-14.693
0.4091,-0.8013,-0.0897,0.3834,17.294,11.244
-0.4389,-0.9852,-0.2153,-0.7487,0.9529,10.003
-0.0178,0.8607,-0.2479,-0.2529,15.933,0.021
0.2764,0.6864,-0.2348,0.1339,0.6347,17.735
-10.989,-11.241,0.1217,-26.905,-19.808,-31.935
-0.2851,-0.8889,-0.2697,0.1589,-24.244,-0.0581
-0.345,-0.7213,-0.1254,0.6926,0.0941,-0.9762
0.2705,-12.085,-0.0468,-15.32,12.263,-22.174
0.0218,0.6634,-0.1,-0.7696,0.2348,-19.36
0.3511,-0.8765,-0.1241,0.5961,10.444,10.773
-0.4028,-0.7911,-0.1799,-0.3212,0.1777,14.627
0.2447,-0.9579,-0.4709,22.891,0.6174,32.824
-0.5528,0.7365,-0.0663,24.657,-23.69,0.7893
0.2718,-13.011,-0.2781,-0.1534,0.6347,0.6018
0.3337,-0.6742,-0.0606,-0.6249,16.331,20.391
-0.4401,-0.7231,-0.1222,0.6962,0.2792,-18.644
-0.4676,-0.3433,0.1609,12.898,-0.626,0.889
-0.1687,-10.736,-0.3161,20.944,10.999,-14.624
-0.3945,-11.599,-0.1865,-10.801,0.6816,13.104
-34.294,-0.4148,-0.1922,19.975,23.039,36.539
11.421,-13.84,-0.8131,11.056,0.2746,41.368
0.515,0.6801,-0.5243,-14.661,0.7304,-0.5759
0.3728,-0.6145,-0.582,0.5088,-0.4265,-22.229
0.3004,-11.288,-0.3172,0.1257,-0.7846,-0.1852
0.4141,-11.618,-0.0169,-0.8328,0.6143,-22.212
0.2064,-0.9008,-0.0716,-0.6118,0.3054,-0.426
-0.3247,-14.69,-0.4842,-0.4599,0.225,0.2842
-26.886,-0.318,-0.2515,-20.719,-23.152,-21.138
0.3343,-0.8235,-0.5842,0.5758,-26.76,-0.8733
-0.3139,-11.945,-0.359,-0.402,0.5988,11.878
-0.0896,-10.897,-0.193,15.837,-0.7897,0.8953
0.2576,-11.707,-0.1048,11.3,-19.882,12.68
-0.1256,-12.482,-0.3168,21.006,0.117,-21.663
0.8634,0.1641,-0.9177,0.0814,0.0342,-40.323
0.2727,-11.142,-0.394,12.917,12.145,19.34
0.251,-11.998,-0.2012,24.486,-21.559,20.183
-12.524,0.0715,0.0612,26.795,-16.496,17.681
-0.2104,-0.5214,-0.0949,-0.552,-0.7505,0.1077
0.0359,-0.6854,0.2704,-15.592,-11.315,-19.3
0.3244,-0.8662,-0.3041,0.9594,18.116,11.922
16.08,-11.514,-11.998,0.3916,0.4961,41.613
0.1659,-0.6998,0.0974,-0.0846,-0.1744,0.3077
-0.3424,-13.05,-0.2932,19.867,0.6822,-27.732
-10.75,-0.6479,0.1157,-19.943,-17.766,-37.205
0.0234,-0.6425,0.0766,0.6942,0.1039,23.814
-0.1392,-0.7186,-0.2642,0.5992,-19.037,-12.564
0.4558,-11.775,-0.2766,-10.784,-11.854,-16.638
0.2622,0.8449,-0.197,13.85,-10.94,21.758
-0.2624,-13.918,-0.2796,-23.082,-19.94,0.8376
-30.37,-0.7716,0.0691,-21.08,-0.3361,-17.729
-0.4023,-0.9777,-0.2348,0.3804,-0.5063,-0.6385
0.6577,0.2593,-0.8493,-11.522,27.226,12.858
0.2249,-0.908,-0.052,-14.835,-0.1371,-15.381
0.3388,-0.7296,0.0428,-0.6466,0.8105,-0.489
-30.314,0.732,10.151,11.889,-0.7364,26.237
-0.2932,-10.992,-0.2266,-12.601,0.1868,11.272
0.3671,-0.9728,-0.3943,10.241,-0.3549,18.99
14.511,-14.569,-13.175,-11.827,-0.3832,-26.552
0.3197,-10.614,-0.298,-0.1928,0.1429,-0.3738
0.4564,-0.9045,-0.2228,0.4896,-0.9855,0.7704
-0.2131,-0.6971,-0.1397,-0.8726,0.3706,13.181
-0.2552,-12.175,-0.3195,14.577,-0.8015,-0.6425
0.323,-0.956,-0.2766,0.8753,0.7644,0.6291
-0.386,-0.701,-0.166,0.6167,-0.5185,-17.196
0.2779,-0.8564,-0.2574,0.0592,0.0583,-0.255
0.3454,-0.7923,-0.2867,0.3333,0.3552,0.2248
-0.562,-0.6654,-0.2749,0.4257,-10.21,-10.102
16.496,0.4011,-0.7088,0.5542,-0.9429,-29.715
18.703,-0.7474,-10.099,-10.403,-0.128,20.317
0.1401,-0.6449,0.2267,-18.675,-0.0649,-0.5037
-13.8,0.7499,-0.4074,17.726,14.069,17.651
13.111,-0.6945,-12.216,0.0755,-0.6969,22.268
0.3948,-10.366,-0.5182,0.2843,-10.981,0.3042
19.481,-0.3261,-18.978,0.1895,-20.007,-29.735
0.0968,0.47,-0.3393,-0.8531,10.831,-13.201
0.4232,-0.8587,-0.2788,13.075,-0.2985,23.13
-0.2043,-13.377,-0.3984,-0.2277,0.3514,-0.1478
-0.2515,-10.003,-0.1013,-10.615,0.2984,23.79
-0.4736,-14.659,-0.2749,0.793,-0.6537,-23.597
-0.5107,-13.053,-0.4725,31.798,13.716,-39.264
-23.861,-0.418,-0.6464,-20.085,-15.725,-14.768
-0.2082,-0.4711,-0.146,-0.3269,-0.4793,0.9419
-0.5052,-13.97,-0.1228,-0.6389,24.29,18.834
0.3477,-10.211,-0.0657,-0.0191,0.6043,0.236
-0.4099,-0.7304,-0.4176,0.893,-0.9846,-0.4704
-0.3467,-13.836,-0.1961,-16.303,23.85,15.334
-34.155,-0.2363,-0.1638,-30.044,-23.929,-15.16
-0.6654,0.4508,-0.1365,-0.9302,-12.242,-0.8125
-0.1305,-0.7917,-0.277,-0.2512,-42.074,0.2507
-0.4464,-12.789,-0.2713,-0.6238,0.6615,0.4571
0.264,-0.5111,0.056,-14.66,-0.4221,-16.599
-0.4848,-12.63,-0.3519,-0.6339,0.6972,0.6399
-0.3522,-0.6446,-0.0912,0.1248,-0.5958,-0.7692
0.156,-0.6102,0.0458,10.934,0.515,28.108
0.1599,-0.87,-0.3018,0.9623,-0.2244,12.645
-21.814,0.1355,0.2277,-25.743,-13.283,-10.124
-0.3651,-0.4477,-0.0182,-17.517,-0.7031,-24.427
0.4998,-0.5148,-0.2438,-0.0151,-0.2776,-13.134
0.3947,-0.9029,-0.0583,0.1149,0.8473,21.859
0.0486,-0.8953,-0.228,-12.42,-0.2022,-18.872
0.2364,-11.811,-0.4563,0.2579,-0.1351,0.3828
-0.362,0.3857,-0.2177,0.5197,-0.1108,29.154
0.2952,-11.121,-0.2617,15.95,0.1151,25.28
-21.54,0.498,0.1671,22.526,0.0588,17.588
-0.2662,-0.9455,-0.3545,0.3451,0.4185,-0.1334
0.4108,-0.9764,0.0609,0.5995,0.3343,0.1788
-29.883,-0.3286,-0.1037,21.994,21.416,34.351
-0.2791,-11.348,-0.3504,-17.011,0.835,14.799
-0.492,-0.6997,-0.2238,0.7274,0.1169,-10.501
-12.806,0.5129,-0.5301,-16.809,-26.969,-0.8125
-0.2037,-0.7038,-0.0986,-0.9908,-0.195,0.9687
-0.0235,0.7419,-0.2356,-0.2021,0.0801,0.5079
-0.3174,-0.4658,0.2315,16.72,-13.797,13.163
0.1802,-0.8896,0.1679,10.188,0.5951,33.906
0.6145,11.401,-0.4112,-12.486,-0.7487,0.6817
-29.471,0.1575,-0.3189,13.152,19.743,33.513
-0.4013,-0.423,0.6223,0.3417,-0.1999,-0.1239
-0.4534,0.3497,-0.025,34.406,0.5492,28.199
-0.4385,-13.313,-0.5473,-0.1092,16.981,0.3156
0.9405,-0.7677,-17.332,0.0454,15.455,17.882
-0.4297,-10.861,-0.0878,-0.9645,0.407,10.432
-0.2897,-0.3866,0.3728,-0.7616,-17.985,-15.31
-0.5437,-0.0743,0.0722,0.8397,0.4336,-10.43
-0.8291,0.7251,-0.2581,-14.563,0.3976,-11.594
21.237,0.2042,-14.346,16.644,-0.9393,-37.673
0.169,-0.7798,-0.0751,-12.383,-0.5972,-15.138
0.3995,-10.526,-0.2144,11.408,0.7026,23.534
-12.47,0.4971,-0.1195,-22.878,0.5532,-22.411
0.2985,-0.9782,-0.0827,-0.3823,0.7527,-0.4014
-0.3468,-0.773,-0.4033,0.1277,-0.0986,0.1317
-0.1771,-0.3468,0.1226,0.9163,-0.3471,-0.707
0.5168,-0.486,0.1103,-0.6712,-19.489,-11.117
0.3752,-0.7482,0.0266,-12.841,0.3911,-13.317
0.2658,0.4579,-0.1031,10.972,0.91,15.2
-0.2505,-0.7976,0.3114,17.216,-0.9198,13.628
0.2919,-10.995,-0.7222,0.5811,0.3089,-25.095
-0.0177,0.2111,-0.4286,-0.4674,-0.8204,0.0468
0.1276,-0.8548,-0.0758,-19.586,-0.6967,-24.116
-0.4053,-0.7764,-0.1642,10.056,18.631,-0.2074
-0.5516,-12.387,-0.3785,-11.206,-0.9359,12.194
-35.627,-0.5217,-0.0563,-22.947,0.3352,-10.136
-0.5318,-13.465,-0.2841,-0.6085,0.5886,0.9882
0.1503,-14.248,-0.3881,-0.2476,0.2542,-0.1944
0.3408,-11.574,-0.108,-15.146,-0.9695,-17.721
0.4389,-10.046,-0.1011,-0.3741,-13.708,-0.8541
-0.4731,-0.5105,0.4391,16.236,-0.0398,13.669
23.244,-0.0285,-20.54,-0.0316,-0.4934,-30.113
0.2749,-0.4875,-0.2514,11.615,-14.996,-0.7422
-0.1517,0.2259,-0.4776,10.799,20.123,24.623
-0.3425,-12.804,-0.1747,-12.694,20.783,10.484
-0.3168,-13.825,-0.2804,18.765,14.826,-19.937
-0.2195,-0.7621,-0.0609,-0.6085,0.4652,0.5598
-0.5673,-12.067,-0.1571,-17.9,0.1206,14.918
0.4418,-0.7476,-0.192,0.2404,0.8157,0.5981
0.5891,0.2399,-0.4491,0.03,-0.1251,-35.561
-0.4297,-11.496,-0.3028,23.821,33.05,-17.294
-0.157,-0.9065,-0.3757,0.3018,0.1607,-0.027
0.838,0.3052,-0.3332,0.8099,0.0928,-32.028
-0.436,-0.8652,-0.3778,0.8205,0.4798,-0.6127
0.2083,-0.9132,-0.18,-0.0144,0.315,0.1927
-22.04,0.006,-0.2416,25.351,17.275,24.13
0.3365,-0.7188,-0.0344,0.189,0.2339,0.9274
-0.3481,10.879,-0.0547,0.1335,17.855,0.196
-0.2217,-0.6316,-0.1127,-0.3525,-0.2514,0.5132
-0.2148,-0.903,0.0035,-13.176,-0.2015,25.302
-0.4274,-11.24,-0.2505,15.462,0.2068,-24.915
0.2852,-0.8824,-0.2269,0.1153,0.3467,0.0842
